漢字,読み
悪漢無頼,あっかんぶらい
悪声狼藉,あくせいろうぜき
暗箭傷人,あんせんしょうじん
按図索驥,あんずさくき
晏子高節,あんしのこうせつ
暗香疎影,あんこうそえい
按甲休兵,あんこうきゅうへい
安居危思,あんきょきし
晏嬰狐裘,あんえいこきゅう
阿轆轆地,あろくろくじ
阿諛傾奪,あゆけいだつ
阿爺下頷,あやあがん
遏悪揚善,あつあくようぜん
可惜身命,あたらしんみょう
浅瀬仇波,あさせあだなみ
哀鳴啾啾,あいめいしゅうしゅう
哀糸豪竹,あいしごうちく
哀鴻遍野,あいこうへんや
阿諛便佞,あゆべんねい
暗雲低迷,あんうんていめい
安居楽業,あんきょらくぎょう
安歩当車,あんぽとうしゃ
安如泰山,あんにょたいざん
暗渡陳倉,あんとちんそう
安常処順,あんじょうしょじゅん
暗黒沈静,あんこくちんせい
暗香浮動,あんこうふどう
鴉巣生鳳,あそうせいほう
愛楊葉児,あいようように
安土重遷,あんどじゅうせん
安分守己,あんぶんしゅき
暗香蓊葧,あんこうおうぼつ
安閑恬静,あんかんてんせい
阿衡之佐,あこうのさ
愛屋及烏,あいおくきゅうう
愛及屋烏,あいきゅうおくう
哀毀骨立,あいきこつりつ
安楽浄土,あんらくじょうど
哀矜懲創,あいきょうちょうそう
愛月撤灯,あいげつてっとう
按図索駿,あんずさくしゅん
按部就班,あんぶしゅうはん
悪婦破家,あくふはか
安心立命,あんしんりつめい
相碁井目,あいごせいもく
愛執染着,あいしゅうぜんちゃく
阿諛追従,あゆついしょう
阿諛迎合,あゆげいごう
蛙鳴蝉噪,あめいせんそう
阿附迎合,あふげいごう
阿鼻地獄,あびじごく
阿鼻叫喚,あびきょうかん
悪鬼羅刹,あっきらせつ
按兵不動,あんぺいふどう
合縁奇縁,あいえんきえん
愛多憎生,あいたぞうせい
阿世曲学,あせいきょくがく
唖然失笑,あぜんしっしょう
鴉雀無声,あじゃくむせい
安寧秩序,あんねいちつじょ
安穏無事,あんのんぶじ
安車蒲輪,あんしゃほりん
晏子之御,あんしのぎょ
黯然銷魂,あんぜんしょうこん
暗送秋波,あんそうしゅうは
阿修羅道,あしゅらどう
悪魔調伏,あくまちょうぶく
安宅正路,あんたくせいろ
暗澹冥濛,あんたんめいもう
暗中飛躍,あんちゅうひやく
暗闘反目,あんとうはんもく
哀悼痛惜,あいとうつうせき
愛別離苦,あいべつりく
悪木盗泉,あくぼくとうせん
握髪吐哺,あくはつとほ
悪人正機,あくにんしょうき
悪酔強酒,あくすいきょうしゅ
曖昧模糊,あいまいもこ
阿吽二字,あうんにじ
青息吐息,あおいきといき
悪衣悪食,あくいあくしょく
哀哀父母,あいあいふぼ
悪事千里,あくじせんり
悪逆非道,あくぎゃくひどう
悪逆無道,あくぎゃくむどう
悪因悪果,あくいんあっか
暗中模索,あんちゅうもさく
悪口雑言,あっこうぞうごん
悪戦苦闘,あくせんくとう
韻鏡十年,いんきょうじゅうねん
陰徳恩賜,いんとくおんし
引錐刺股,いんすいしこ
一往直前,いちおうちょくぜん
以鼠為璞,いそいはいく
委肉虎蹊,いにくこけい
因果関係,いんがかんけい
威風堂堂,いふうどうどう
一日一善,いちにちいちぜん
一路邁進,いちろまいしん
允文允武,いんぶんいんぶ
飲鴆止渇,いんちんしかつ
引縄批根,いんじょうへいこん
印象批評,いんしょうひひょう
飲至策勲,いんしさっくん
異類無礙,いるいむげ
衣履弊穿,いりへいせん
渭浜漁父,いひんのぎょほ
倚馬七紙,いばしちし
猗頓之富,いとんのとみ
意到筆随,いとうひつずい
乙夜之覧,いつやのらん
鷸蚌之争,いつぼうのあらそい
一瓢一箪,いっぴょういったん
一筆勾消,いっぴつこうしょう
一髪千鈞,いっぱつせんきん
一登竜門,いっとりゅうもん
一徳一心,いっとくいっしん
一朝之患,いっちょうのうれい
一朝之忿,いっちょうのいかり
一治一乱,いっちいちらん
一短一長,いったんいっちょう
一措一画,いっそいっかく
一箭双雕,いっせんそうちょう
一銭一厘,いっせんいちりん
一世木鐸,いっせいぼくたく
一世風靡,いっせいふうび
一世之雄,いっせいのゆう
一炊之夢,いっすいのゆめ
一水盈盈,いっすいえいえい
一心発起,いっしんほっき
一心一徳,いっしんいっとく
一将万骨,いっしょうばんこつ
一笑千金,いっしょうせんきん
一種一瓶,いっしゅいっぺい
一紙半銭,いっしはんせん
一士諤諤,いっしがくがく
一糸一毫,いっしいちごう
一切有情,いっさいうじょう
一狐之腋,いっこのえき
一壺千金,いっこせんきん
一顧傾城,いっこけいせい
一闔一闢,いっこういちびゃく
一蹶不振,いっけつふしん
一薫一蕕,いっくんいちゆう
一琴一鶴,いっきんいっかく
一虚一実,いっきょいちじつ
一丘之貉,いっきゅうのかく
一裘一葛,いっきゅういっかつ
一丘一壑,いっきゅういちがく
一簣之功,いっきのこう
一割之利,いっかつのり
一縷千鈞,いちるせんきん
一了百了,いちりょうひゃくりょう
一竜一猪,いちりょういっちょ
一遊一予,いちゆういちよ
一夜検校,いちやけんぎょう
一文不通,いちもんふつう
一問一答,いちもんいっとう
一望千頃,いちぼうせんけい
一人当千,いちにちとうせん
一日不食,いちにちふしょく
一時流行,いちじりゅうこう
一入再入,いちじゅうさいじゅう
一日之長,いちじつのちょう
一日三秋,いちじつさんしゅう
一字千金,いちじせんきん
一言芳恩,いちごんほうおん
一元描写,いちげんびょうしゃ
一行三昧,いちぎょうざんまい
一栄一辱,いちえいいちじょく
一韻到底,いちいんとうてい
一飲一啄,いちいんいったく
韋駄天走,いだてんばしり
衣帯中賛,いたいちゅうのさん
遺簪墜屨,いしんついく
以身殉利,いしんじゅんり
渭樹江雲,いじゅこううん
為虎傅翼,いこふよく
異国情緒,いこくじょうちょ
韋弦之佩,いげんのはい
衣錦之栄,いきんのえい
衣錦尚絅,いきんしょうけい
伊尹負鼎,いいんふてい
帷幄上奏,いあくじょうそう
一本調子,いっぽんちょうし
一得一失,いっとくいっしつ
一家団欒,いっかだんらん
一攫千金,一獲千金
一路平安,いちろへいあん
一大決心,いちだいけっしん
一言一句,いちごんいっく
医食同源,いしょくどうげん
已己巳己,いこみき
意識朦朧,いしきもうろう
一死報国,いっしほうこく
隠晦曲折,いんかいきょくせつ
因果因縁,いんがいんねん
因果覿面,いんがてきめん
飲河満腹,いんがまんぷく
殷鑑不遠,いんかんふえん
因機説法,いんきせっぽう
婬虐暴戻,いんぎゃくぼうれい
一所不住,いっしょふじゅう
一新更始,いっしんこうし
一心精進,いっしんしょうじん
一酔千日,いっすいせんにち
一寸光陰,いっすんのこういん
一寸丹心,いっすんのたんしん
一盛一衰,いっせいいっすい
一挙両失,いっきょりょうしつ
一暴十寒,いちばくじっかん
一触即発,いっしょくそくはつ
一生不犯,いっしょうふぼん
一唱三嘆,いっしょうさんたん
衣鉢相伝,いはつそうでん
意馬心猿,いばしんえん
以肉去蟻,いにくきょぎ
以毒制毒,いどくせいどく
意到随筆,いとうずいひつ
一片氷心,いっぺんのひょうしん
一碧万頃,いっぺきばんけい
一筆抹殺,いっぴつまっさつ
一筆啓上,いっぴつけいじょう
溢美溢悪,いつびいつあく
一飯之恩,いっぱんのおん
一飯千金,いっぱんせんきん
一敗塗地,いっぱいとち
一徹無垢,いってつむく
一斗百編,いっとひゃっぺん
一刀三礼,いっとうさんらい
一天万乗,いってんばんじょう
一天四海,いってんしかい
一点一画,いってんいっかく
一徹短慮,いってつたんりょ
慇懃丁重,いんぎんていちょう
慇懃無礼,いんぎんぶれい
咽喉之地,いんこうのち
淫祠邪教,いんしじゃきょう
因循姑息,いんじゅんこそく
因循苟且,いんじゅんこうしょ
因循守旧,いんじゅんしゅきゅう
因小失大,いんしょうしつだい
陰森凄幽,いんしんせいゆう
一擲千金,いってきせんきん
一定不変,いっていふへん
一朝有事,いっちょうゆうじ
一朝富貴,いっちょうのふうき
一超直入,いっちょうじきにゅう
一知半解,いっちはんかい
一張一弛,いっちょういっし
一致団結,いっちだんけつ
一致協力,いっちきょうりょく
飲灰洗胃,いんかいせんい
葦末之巣,いまつのす
意在言外,いざいげんがい
為虎添翼,いこてんよく
異国情調,いこくじょうちょう
衣香襟影,いこうきんえい
夷険一節,いけんいっせつ
郁郁青青,いくいくせいせい
一笑一顰,いっしょういっぴん
一觴一詠,いっしょういちえい
一宿一飯,いっしゅくいっぱん
一瀉千里,いっしゃせんり
一視同仁,いっしどうじん
一子相伝,いっしそうでん
一死七生,いっししちしょう
隠忍自重,いんにんじちょう
陰謀詭計,いんぼうきけい
引喩失義,いんゆしつぎ
陰陽五行,いんようごぎょう
陰陽和合,いんようわごう
移木之信,いぼくのしん
以貌取人,いぼうしゅじん
以暴易暴,いぼうえきぼう
以弁飾知,いべんしょくち
韋編三絶,いへんさんぜつ
異聞奇譚,いぶんきたん
畏怖嫌厭,いふけんえん
緯武経文,いぶけいぶん
威風凛々,いふうりんりん
威風凛然,いふうりんぜん
遺風残香,いふうざんこう
移風易俗,いふうえきぞく
萎靡沈滞,いびちんたい
萎靡因循,いびいんじゅん
夷蛮戎狄,いばんじゅうてき
一旦緩急,いったんかんきゅう
倚門之望,いもんのぼう
衣錦還郷,いきんかんきょう
以卵投石,いらんとうせき
異類異形,いるいいぎょう
異類中行,いるいちゅうぎょう
異路同帰,いろどうき
陰々滅々,いんいんめつめつ
飲水思源,いんすいしげん
隠姓埋名,いんせいまいめい
陰徳陽報,いんとくようほう
一言一行,いちげんいっこう
一芸一能,いちげいいちのう
一行知識,いちぎょうちしき
以魚駆蠅,いぎょくよう
異曲同工,いきょくどうこう
委曲求全,いきょくきゅうぜん
以杞包瓜,いきほうか
意先筆後,いせんひつご
逸事奇聞,いつじきぶん
一殺多生,いっさつたしょう
一切衆生,いっさいしゅじょう
一顧万両,いっこばんりょう
一口両舌,いっこうりょうぜつ
一件落着,いっけんらくちゃく
一虚一盈,いっきょいちえい
一球入魂,いっきゅうにゅうこん
一饋十起,いっきじっき
一気呵成,いっきかせい
一牛鳴地,いちぎゅうめいち
一往一来,いちおういちらい
一月三舟,いちげつさんしゅう
一円一帯,いちえんいったい
一栄一落,いちえいいちらく
一意奮闘,いちいふんとう
一望際涯,いちぼうさいがい
一別以来,いちべついらい
一物一景,いちぶついっけい
一病息災,いちびょうそくさい
一罰百戒,いちばつひゃっかい
一能一芸,いちのういちげい
一念発心,いちねんほっしん
一日千里,いちにちせんり
一読三嘆,いちどくさんたん
一団和気,いちだんのわき
異体同心,いたいどうしん
衣食礼節,いしょくれいせつ
以升量石,いしょうりょうこく
衣装道楽,いしょうどうらく
意匠惨澹,いしょうさんたん
意趣卓逸,いしゅたくいつ
一意攻苦,いちいこうく
異端邪説,いたんじゃせつ
一諾千金,いちだくせんきん
一族郎党,いちぞくろうとう
一新紀元,いちしんきげん
一場春夢,いちじょうのしゅんむ
一上一下,いちじょういちげ
一樹百穫,いちじゅひゃっかく
一字褒貶,いちじほうへん
一字不説,いちじふせつ
意気阻喪,いきそそう
意気衝天,いきしょうてん
一竿風月,いっかんふうげつ
一家眷族,いっかけんぞく
一路順風,いちろじゅんぷう
一六勝負,いちろくしょうぶ
一労永逸,いちろうえいいつ
一蓮托生,いちれんたくしょう
一粒万倍,いちりゅうまんばい
一利一害,いちりいちがい
一葉知秋,いちようちしゅう
一夜十起,いちやじっき
一文半銭,いちもんはんせん
一目十行,いちもくじゅうぎょう
一毛不抜,いちもうふばつ
一味徒党,いちみととう
位階褫奪,いかいちだつ
萎縮震慄,いしゅくしんりつ
衣繍夜行,いしゅうやこう
異端邪宗,いたんじゃしゅう
衣帯不解,いたいふかい
一字半句,いちじはんく
意気自如,いきじじょ
意気昂然,いきこうぜん
一味同心,いちみどうしん
一味爽涼,いちみそうりょう
一枚看板,いちまいかんばん
一木難支,いちぼくなんし
一木一草,いちぼくいっそう
遺臭万載,いしゅうばんざい
意趣遺恨,いしゅいこん
石部金吉,いしべきんきち
意思表示,いしひょうじ
意志薄弱,いしはくじゃく
易往易行,いおういぎょう
医鬱排悶,いうつはいもん
意気軒昂,いきけんこう
衣冠束帯,いかんそくたい
遺憾千万,いかんせんばん
一望無垠,いちぼうむぎん
唯唯諾諾,いいだくだく
以夷制夷,いいせいい
異域之鬼,いいきのき
以耳代目,いじだいもく
一体分身,いったいぶんしん
意思疎通,いしそつう
意志堅固,いしけんご
一五一十,いちごいちじゅう
意中之人,いちゅうのひと
意識過剰,いしきかじょう
移山倒海,いざんとうかい
衣冠盛事,いかんせいじ
移花接木,いかせつぼく
因果応報,いんがおうほう
一切合切,いっさいがっさい
一挙一動,いっきょいちどう
一挙両得,いっきょりょうとく
一騎当千,いっきとうせん
一攫千金,いっかくせんきん
一陽来復,いちようらいふく
一言居士,いちげんこじ
一目瞭然,いちもくりょうぜん
一望千里,いちぼうせんり
一言半句,いちごんはんく
一衣帯水,いちいたいすい
意気揚揚,いきようよう
意気投合,いきとうごう
意気消沈,いきしょうちん
一朝一夕,いっちょういっせき
意味深長,いみしんちょう
一石二鳥,いっせきにちょう
一世一代,いっせいちだい
一心不乱,いっしんふらん
一刀両断,いっとうりょうだん
一長一短,いっちょういったん
一喜一憂,いっきいちゆう
一網打尽,いちもうだじん
一部始終,いちぶしじゅう
一心同体,いっしんどうたい
一進一退,いっしんいったい
一所懸命,いっしょけんめい
一念発起,いちねんほっき
一国一城,いっこくいちじょう
一日千秋,いちじつせんしゅう
一字一句,いちじいっく
一期一会,いちごいちえ
一意専心,いちいせんしん
一生懸命,いっしょうけんめい
一刻千金,いっこくせんきん
異口同音,いくどうおん
以心伝心,いしんでんしん
雲水行脚,うんすいあんぎゃ
雲竜風虎,うんりゅうふうこ
雲遊萍寄,うんゆうひょうき
雲集霧散,うんしゅうむさん
雲霞之交,うんかのまじわり
有漏無漏,うろむろ
紆余委蛇,うよいだ
有無相生,うむそうせい
嫗伏孕鬻,うふうよういく
禹湯文武,うとうぶんぶ
鬱塁神荼,うつりつしんと
鬱肉漏脯,うつにくろうほ
迂疎空闊,うそくうかつ
有財餓鬼,うざいがき
烏合之衆,うごうのしゅう
于公高門,うこうこうもん
羽翮飛肉,うかくひにく
有為無常,ういむじょう
紆余曲折,うよきょくせつ
羽翼既成,うよくきせい
雲心月性,うんしんげっせい
雲蒸竜変,雲蒸龍変
雲壌懸隔,うんじょうけんかく
雲壌月鼈,うんじょうげつべつ
雲散鳥没,うんさんちょうぼつ
雲合霧集,うんごうむしゅう
雲行雨施,うんこううし
運斤成風,うんきんせいふう
雲外蒼天,うんがいそうてん
雲煙模糊,うんえんもこ
雲煙縹渺,うんえんひょうびょう
雲烟飛動,うんえんひどう
雲煙万里,うんえんばんり
雲煙過眼,うんえんかがん
雲雨巫山,うんうふざん
雨露霜雪,うろそうせつ
雨霖鈴曲,うりんれいきょく
有相執著,うそうしゅうじゃく
烏焉魯魚,うえんろぎょ
雲竜井蛙,うんりゅうせいあ
雲容烟態,うんようえんたい
運否天賦,うんぷてんぷ
雲翻雨覆,うんぱんうふく
雲濤煙浪,うんとうえんろう
有耶無耶,うやむや
烏飛兎走,うひとそう
烏兎怱怱,うとそうそう
雲泥万里,うんでいばんり
雲中白鶴,うんちゅうはっかく
雲水不住,うんすいふじゅう
烏白馬角,うはくばかく
鬱鬱葱葱,うつうつそうそう
鬱鬱勃勃,うつうつぼつぼつ
鬱鬱怏怏,うつうつおうおう
迂直之計,うちょくのけい
有頂天外,うちょうてんがい
烏鳥私情,うちょうしじょう
内股膏薬,うちまたごうやく
有智高才,うちこうさい
烏孫公主,うそんこうしゅ
雨後春筍,うごしゅんじゅん
右顧左眄,うこさべん
禹行舜趨,うこうしゅんすう
有象無象,うぞうむぞう
羽化登仙,うかとうせん
雨過天晴,うかてんせい
有為転変,ういてんぺん
雲散霧消,うんさんむしょう
海千山千,うみせんやません
右往左往,うおうさおう
燕雀相賀,えんじゃくそうが
偃鼠飲河,えんそいんが
永久不変,えいきゅうふへん
遠謀深慮,えんぼうしんりょ
円顱方趾,えんろほうし
延陵季子,えんりょうのきし
轅門二竜,えんもんにりょう
厭聞飫聴,えんぶんよちょう
閻浮檀金,えんぶだごん
猿臂之勢,えんぴのいきおい
円融三諦,えんにゅうさんだい
円頓止観,えんどんしかん
宛転蛾眉,えんてんがび
怨女曠夫,えんじょこうふ
円鑿方枘,えんさくほうぜい
円首方足,えんしゅほうそく
円孔方木,えんこうほうぼく
猿猴取月,えんこうしゅげつ
婉曲迂遠,えんきょくうえん
燕頷虎頭,えんがんことう
燕頷虎頸,えんがんこけい
円滑洒脱,えんかつしゃだつ
鴛鴦之契,えんおうのちぎり
烟雲過眼,えんうんかがん
宴安酖毒,えんあんちんどく
越鳧楚乙,えつふそいつ
越鳥南枝,えっちょうなんし
越俎之罪,えっそのつみ
越俎代庖,えっそだいほう
英明闊達,えいめいかったつ
影隻形単,えいせきけいたん
潁水隠士,えいすいのいんし
栄諧伉儷,えいかいこうれい
影駭響震,えいがいきょうしん
永永無窮,えいえいむきゅう
煙波縹渺,えんぱひょうびょう
延年益寿,えんねんえきじゅ
燕雀鴻鵠,えんじゃくこうこく
掩耳盗鐘,えんじとうしょう
縁木求魚,えんぼくきゅうぎょ
婉娩聴従,えんべんちょうじゅう
猿号擁柱,えんごうようちゅう
遠交近攻,えんこうきんこう
延頸鶴望,えんけいかくぼう
延頸挙踵,えんけいきょしょう
遠御長駕,えんぎょちょうが
燕頷投筆,えんがんとうひつ
栄華秀英,えいかしゅうえい
燕雁代飛,えんがんだいひ
煙霞痼疾,えんかのこしつ
蜿蜿長蛇,えんえんちょうだ
烏帽子親,えぼしおや
越畔之思,えっぱんのおもい
越権行為,えっけんこうい
会者定離,えしゃじょうり
依怙贔屓,えこひいき
回向発願,えこうほつがん
役夫之夢,えきふのゆめ
易姓革命,えきせいかくめい
益者三友,えきしゃさんゆう
永字八法,えいじはっぽう
慧可断臂,えかだんぴ
益者三楽,えきしゃさんごう
栄耀栄華,えいようえいが
円熟無礙,えんじゅくむげ
英雄欺人,えいゆうぎじん
盈満之咎,えいまんのとが
英邁闊達,えいまいかったつ
曳尾塗中,えいびとちゅう
円転滑脱,えんてんかつだつ
塩鉄之利,えんてつのり
怨徹骨髄,えんてつこつずい
円頂黒衣,えんちょうこくえ
燕巣幕上,えんそうばくじょう
遠走高飛,えんそうこうひ
嫣然一笑,えんぜんいっしょう
遠水近火,えんすいきんか
永垂不朽,えいすいふきゅう
英雄好色,えいゆうこうしょく
英雄豪傑,えいゆうごうけつ
郢書燕説,えいしょえんせつ
英俊豪傑,えいしゅんごうけつ
英姿颯爽,えいしさっそう
栄枯転変,えいこてんぺん
永劫回帰,えいごうかいき
偃武修文,えんぶしゅうぶん
円木警枕,えんぼくけいちん
鳶飛魚躍,えんぴぎょやく
延年転寿,えんねんてんじゅ
鉛刀一割,えんとういっかつ
円頭方足,えんとうほうそく
遠慮近憂,えんりょきんゆう
遠慮会釈,えんりょえしゃく
延命息災,えんめいそくさい
円満具足,えんまんぐそく
円満解決,えんまんかいけつ
衍曼流爛,えんまんりゅうらん
永劫無極,えいごうむきょく
英華発外,えいかはつがい
永遠不滅,えいえんふめつ
永遠不変,えいえんふへん
永遠偉大,えいえんいだい
永遠無窮,えいえんむきゅう
円融滑脱,えんゆうかつだつ
詠雪之才,えいせつのさい
淵広魚大,えんこうぎょだい
猿猴捉月,えんこうそくげつ
英明果敢,えいめいかかん
煙視媚行,えんしびこう
鳶目兎耳,えんもくとじ
盈盈一水,えいえいいっすい
得手勝手,えてかって
栄枯盛衰,えいこせいすい
温和怜悧,おんわれいり
嘔心瀝血,おうしんれきけつ
温文爾雅,おんぶんじが
遠塵離垢,おんじんりく
恩讎分明,おんしゅうぶんめい
屋上架屋,おくじょうかおく
屋烏之愛,おくうのあい
甕裡醯鶏,おうりけいけい
王楊盧駱,おうようろらく
甕牖縄枢,おうゆうじょうすう
横草之功,おうそうのこう
尩繊懦弱,おうせんだじゃく
横説竪説,おうせつじゅせつ
枉尺直尋,おうせきちょくじん
応機接物,おうきせつもつ
枉駕来臨,おうがらいりん
嘔啞嘲哳,おうあちょうたつ
温和篤厚,おんわとっこう
温厚質実,おんこうしつじつ
恩威並行,おんいへいこう
汚名返上,おめいへんじょう
屋下架屋,おくかかおく
大風呂敷,おおぶろしき
鷹揚自若,おうようじじゃく
枉法徇私,おうほうじゅんし
往返徒労,おうへんとろう
横眉怒目,おうびどもく
大盤振舞,おおばんぶるまい
懊悩煩悶,おうのうはんもん
懊悩輾転,おうのうてんてん
懊悩呻吟,おうのうしんぎん
温和丁寧,おんわていねい
温和勤勉,おんわきんべん
温良優順,おんりょうゆうじゅん
温良篤厚,おんりょうとっこう
温良貞淑,おんりょうていしゅく
温良恭倹,おんりょうきょうけん
怨霊怪異,おんりょうかいい
厭離穢土,おんりえど
乳母日傘,おんばひがさ
音吐朗朗,おんとろうろう
怨敵退散,おんてきたいさん
穏着沈黙,おんちゃくちんもく
恩沢洪大,おんたくこうだい
怨憎会苦,おんぞうえく
温凊定省,おんせいてんせい
音信不通,おんしんふつう
怨親平等,おんしんびょうどう
温順篤実,おんじゅんとくじつ
温柔敦厚,おんじゅうとんこう
温厚篤実,おんこうとくじつ
温厚淡泊,おんこうたんぱく
懊悩焦慮,おうのうしょうりょ
王道楽土,おうどうらくど
王政復古,おうせいふっこ
応接不暇,おうせつふか
往事茫々,おうじぼうぼう
往生素懐,おうじょうのそかい
黄金分割,おうごんぶんかつ
鴬語花舞,おうごかぶ
横行覇道,おうこうはどう
横行跋扈,おうこうばっこ
王侯将相,おうこうしょうしょう
往古来今,おうこらいこん
王公貴人,おうこうきじん
横行闊歩,おうこうかっぽ
応急措置,おうきゅうそち
奥義秘伝,おうぎひでん
桜花爛漫,おうからんまん
応病与薬,おうびょうよやく
往事渺茫,おうじびょうぼう
屋梁落月,おくりょうらくげつ
小草生月,おぐさおいづき
温故知新,おんこちしん
岡目八目,おかめはちもく
開源節流,かいげんせつりゅう
感恩報謝,かんおんほうしゃ
感恩戴徳,かんおんたいとく
呵呵大笑,かかたいしょう
火牛之計,かぎゅうのけい
頑廉懦立,がんれんだりつ
冠履倒易,かんりとうえき
感奮興起,かんぷんこうき
勧百諷一,かんぴゃくふういつ
銜尾相随,かんびそうずい
汗馬之労,かんばのろう
甘棠之愛,かんとうのあい
管中窺豹,かんちゅうきひょう
奸智術数,かんちじゅっすう
邯鄲之歩,かんたんのほ
干戚羽旄,かんせきうぼう
坎井之蛙,かんせいのあ
甘井先竭,かんせいせんけつ
玩人喪徳,がんじんそうとく
顔常山舌,がんじょうざんのした
含沙射影,がんしゃせきえい
岸芷汀蘭,がんしていらん
寒山拾得,かんざんじっとく
翫歳愒日,がんさいかいじつ
寒江独釣,かんこうどくちょう
歓欣鼓舞,かんきんこぶ
管窺蠡測,かんきれいそく
歓喜抃舞,かんきべんぶ
官官接待,かんかんせったい
寒巌枯木,かんがんこぼく
緩歌慢舞,かんかまんぶ
頷下之珠,がんかのしゅ
含牙戴角,がんがたいかく
干戈倥偬,かんかこうそう
韓海蘇潮,かんかいそちょう
含英咀華,がんえいしょか
含飴弄孫,がんいろうそん
銜哀致誠,がんあいちせい
河梁之吟,かりょうのぎん
下陵上替,かりょうじょうたい
烏之雌雄,からすのしゆう
瓜剖豆分,かぼうとうぶん
瓦釜雷鳴,がふらいめい
禍福無門,かふくむもん
禍福糾纆,かふくきゅうぼく
家貧孝子,かひんこうし
過庭之訓,かていのおしえ
華亭鶴唳,かていかくれい
刮目相待,かつもくそうたい
活剥生呑,かっぱくせいどん
豁達大度,かったつたいど
割鶏牛刀,かっけいぎゅうとう
活計歓楽,かっけいかんらく
恪勤精励,かっきんせいれい
渇驥奔泉,かっきほんせん
軻親断機,かしんだんき
雅人深致,がじんしんち
禾黍油油,かしょゆうゆう
家書万金,かしょばんきん
華胥之夢,かしょのゆめ
家常茶飯,かじょうさはん
和氏之璧,かしのへき
歌功頌徳,かこうしょうとく
夏侯拾芥,かこうしゅうかい
家鶏野雉,かけいやち
鶴翼之囲,かくよくのかこみ
鶴鳴之士,かくめいのし
廓然大悟,かくねんたいご
格致日新,かくちにっしん
革故鼎新,かくこていしん
赫赫明明,かくかくめいめい
諤諤之臣,がくがくのしん
河魚腹疾,かぎょのふくしつ
蝸牛角上,かぎゅうかくじょう
夏癸殷辛,かきいんしん
河漢之言,かかんのげん
下学之功,かがくのこう
花街柳巷,かがいりゅうこう
餓狼之口,がろうのくち
苛政猛虎,かせいもうこ
画虎類狗,がこるいく
檻猿籠鳥,かんえんろうちょう
頑迷固陋,がんめいころう
柯会之盟,かかいのめい
魁塁之士,かいるいのし
誨盗誨淫,かいとうかいいん
廻天之力,かいてんのちから
蓋天蓋地,がいてんがいち
喙長三尺,かいちょうさんじゃく
膾炙人口,かいしゃじんこう
亥豕之譌,がいしのか
睚眥之怨,がいさいのうらみ
開権顕実,かいごんけんじつ
開眼供養,かいげんくよう
荷衣蕙帯,かいけいたい
海角天涯,かいかくてんがい
蓋瓦級甎,がいがきゅうせん
誨淫誨盗,かいいんかいとう
瑰意琦行,かいいきこう
閑話休題,かんわきゅうだい
顔面蒼白,がんめんそうはく
感情移入,かんじょういにゅう
感謝感激,かんしゃかんげき
我武者羅,がむしゃら
過当競争,かとうきょうそう
勝手気儘,かってきまま
各個撃破,かっこげきは
過小評価,かしょうひょうか
蓋世不抜,がいせいふばつ
階前万里,かいぜんばんり
官尊民卑,かんそんみんぴ
改弦易轍,かいげんえきてつ
眼中之釘,がんちゅうのくぎ
歓天喜地,かんてんきち
肝胆相照,かんたんあいてらす
簡単明瞭,かんたんめいりょう
完全燃焼,かんぜんねんしょう
勧善懲悪,かんぜんちょうあく
韓信匍匐,かんしんほふく
寛仁大度,かんじんたいど
頑執妄排,がんしゅうもうはい
寒山枯木,かんざんこぼく
換骨奪胎,かんこつだったい
開宗明義,かいそうめいぎ
蓋世之才,がいせいのさい
海誓山盟,かいせいさんめい
開心見誠,かいしんけんせい
回心転意,かいしんてんい
下意上達,かいじょうたつ
外柔内剛,がいじゅうないごう
海市蜃楼,かいししんろう
鎧袖一触,がいしゅういっしょく
回山倒海,かいざんとうかい
眼高手低,がんこうしゅてい
眼光紙背,がんこうしはい
眼光炯炯,がんこうけいけい
顔厚忸怩,がんこうじくじ
頑固一徹,がんこいってつ
甘言蜜語,かんげんみつご
汗牛充棟,かんぎゅうじゅうとう
緩急剛柔,かんきゅうごうじゅう
侃々諤々,かんかんがくがく
轗軻不遇,かんかふぐう
閑花素琴,かんかそきん
戒驕戒躁,かいきょうかいそう
間不容髪,かんふようはつ
管鮑之交,かんぽうのまじわり
含哺鼓腹,がんぽこふく
玩物喪志,がんぶつそうし
開巻有益,かいかんゆうえき
開巻劈頭,かいかんへきとう
蓋棺事定,がいかんじてい
肝脳塗地,かんのうとち
汗馬刀槍,かんばとうそう
奸佞邪知,かんねいじゃち
艱難辛苦,かんなんしんく
環堵蕭然,かんとしょうぜん
撼天動地,かんてんどうち
外寛内明,がいかんないめい
海闊天空,かいかつてんくう
改過自新,かいかじしん
海外奇談,かいがいきだん
海翁好鴎,かいおうこうおう
改易蟄居,かいえきちっきょ
解衣推食,かいいすいしょく
格物致知,かくぶつちち
改邪帰正,かいじゃきせい
外巧内嫉,がいこうないしつ
会稽之恥,かいけいのはじ
開天闢地,かいてんへきち
凱風寒泉,がいふうかんせん
和気香風,かきこうふう
磑風舂雨,がいふうしょうう
鶴寿千歳,かくじゅせんざい
鶴立企佇,かくりつきちょ
花言巧語,かげんこうご
花鳥月露,かちょうげつろ
花天月地,かてんげっち
寒花晩節,かんかばんせつ
関関雎鳩,かんかんしょきゅう
寡廉鮮恥,かれんせんち
苛斂誅求,かれんちゅうきゅう
華麗奔放,かれいほんぽう
臥竜鳳雛,がりょうほうすう
迦陵頻伽,かりょうびんが
寡聞少見,かぶんしょうけん
寡聞浅学,かぶんせんがく
禍福得喪,かふくとくそう
家内狼藉,かないろうぜき
禍福倚伏,かふくいふく
歌舞歓楽,かぶかんらく
家内安全,かないあんぜん
家徒四壁,かとしへき
寡頭政治,かとうせいじ
河図洛書,かとらくしょ
瓜田李下,かでんりか
活溌溌地,かっぱつはっち
活発婉麗,かっぱつえんれい
闊達無礙,かったつむげ
闊達自在,かったつじざい
闊達豪放,かったつごうほう
豁然大悟,かつぜんたいご
合従連衡,がっしょうれんこう
合掌礼拝,がっしょうらいはい
活殺自在,かっさつじざい
確乎不抜,かっこふばつ
確乎不動,かっこふどう
渇仰随喜,かつごうずいき
活気横溢,かっきおういつ
活火激発,かっかげきはつ
観感興起,かんかんこうき
干戈騒乱,かんかそうらん
轗軻数奇,かんかすうき
鰥寡孤独,かんかこどく
感慨悲慟,かんがいひどう
敢為邁往,かんいまいおう
閑雲野鶴,かんうんやかく
簡易軽便,かんいけいべん
嘉辰令月,かしんれいげつ
花晨月夕,かしんげっせき
華燭之典,かしょくのてん
灰心喪気,かいしんそうき
悔悟憤発,かいごふんぱつ
開山祖師,かいざんそし
解語之花,かいごのはな
邂逅相遇,かいこうそうぐう
画脂鏤氷,がしろうひょう
火主水従,かしゅすいじゅう
加持祈祷,かじきとう
河山帯礪,かざんたいれい
家鶏野鶩,かけいやぼく
嫁鶏随鶏,かけいずいけい
嘉言善行,かげんぜんこう
花紅柳緑,かこうりゅうりょく
格物究理,かくぶつきゅうり
格調高雅,かくちょうこうが
鶴髪童顔,かくはつどうがん
廓然無聖,かくねんむしょう
隔岸観火,かくがんかんか
廓然大公,かくぜんたいこう
各人各様,かくじんかくよう
架空無稽,かくうむけい
科挙圧巻,かきょあっかん
学知利行,がくちりこう
家給人足,かきゅうじんそく
花顔柳腰,かがんりゅうよう
花顔雪膚,かがんせっぷ
夏下冬上,かかとうじょう
夏虫疑氷,かちゅうぎひょう
花朝月夕,かちょうげっせき
画蛇添足,がだてんそく
花鳥諷詠,かちょうふうえい
過大評価,かだいひょうか
雅俗混交,がぞくこんこう
雅俗折衷,がぞくせっちゅう
佳人薄命,かじんはくめい
外交辞令,がいこうじれい
瓜葛之親,かかつのしん
呵々大笑,かかたいしょう
蝸角之争,かかくのあらそい
下学上達,かがくじょうたつ
薤露蒿里,かいろこうり
冠前絶後,かんぜんぜつご
改頭換面,かいとうかんめん
回天事業,かいてんのじぎょう
改天換地,かいてんかんち
海底撈月,かいていろうげつ
管仲随馬,かんちゅうずいば
怪誕不経,かいたんふけい
寒煖饑飽,かんだんきほう
街談巷説,がいだんこうせつ
咳唾成珠,がいだせいじゅ
海内無双,かいだいむそう
開口一番,かいこういちばん
解甲帰田,かいこうきでん
開雲見日,かいうんけんじつ
開闢草昧,かいびゃくそうまい
夏雲奇峰,かうんきほう
偕老同穴,かいろうどうけつ
怪力乱神,かいりょくらんしん
傀儡政権,かいらいせいけん
開物成務,かいぶつせいむ
快馬加鞭,かいばかべん
開門揖盗,かいもんゆうとう
槐門棘路,かいもんきょくろ
寒気凛冽,かんきりんれつ
旱天慈雨,かんてんじう
回光返照,かいこうへんしょう
関雎之化,かんしょのか
懐玉有罪,かいぎょくゆうざい
海内奇士,かいだいのきし
懐才不遇,かいさいふぐう
完全無欠,かんぜんむけつ
緩急自在,かんきゅうじざい
感慨無量,かんがいむりょう
夏炉冬扇,かろとうせん
画竜点睛,がりょうてんせい
隔靴掻痒,かっかそうよう
花鳥風月,かちょうふうげつ
臥薪嘗胆,がしんしょうたん
快刀乱麻,かいとうらんま
我田引水,がでんいんすい
希少価値,きしょうかち
金友玉昆,きんゆうぎょっこん
吟風弄月,ぎんぷうろうげつ
銀盃羽化,ぎんぱいうか
巾箱之寵,きんそうのちょう
金声玉振,きんせいぎょくしん
錦心繍口,きんしんしゅうこう
金城湯池,きんじょうとうち
錦上添花,きんじょうてんか
擒縦自在,きんしょうじざい
禽獣草木,きんじゅうそうもく
禽獣夷狄,きんじゅういてき
金枝玉葉,きんしぎょくよう
禽困覆車,きんこんふくしゃ
金谷酒数,きんこくのしゅすう
謹言慎行,きんげんしんこう
勤倹尚武,きんけんしょうぶ
金玉満堂,きんぎょくまんどう
琴棋書画,きんきしょが
琴歌酒賦,きんかしゅふ
巾幗之贈,きんかくのぞう
槿花一朝,きんかいっちょう
金塊珠礫,きんかいしゅれき
金甌無欠,きんおうむけつ
騎驢覓驢,きろべきろ
機略縦横,きりゃくじゅうおう
許由巣父,きょゆうそうほ
虚無縹渺,きょむひょうびょう
虚堂懸鏡,きょどうけんきょう
玉昆金友,ぎょっこんきんゆう
挙措進退,きょそしんたい
挙措失当,きょそしっとう
挙足軽重,きょそくけいちょう
虚静恬淡,きょせいてんたん
虚実皮膜,きょじつひまく
挙止進退,きょししんたい
居敬窮理,きょけいきゅうり
玉葉金枝,ぎょくようきんし
曲眉豊頬,きょくびほうきょう
曲突徙薪,きょくとつししん
玉兎銀蟾,ぎょくとぎんせん
跼天蹐地,きょくてんせきち
玉蟾金兎,ぎょくせんきんと
曲折浮沈,きょくせつふちん
玉石同砕,ぎょくせきどうさい
玉石同匱,ぎょくせきどうき
曲水流觴,きょくすいりゅうしょう
玉砕瓦全,ぎょくさいがぜん
曲肱之楽,きょくこうのたのしみ
虚気平心,きょきへいしん
挙棋不定,きょきふてい
虚往実帰,きょおうじっき
狂瀾怒濤,きょうらんどとう
興味索然,きょうみさくぜん
嚮壁虚造,きょうへききょぞう
驕兵必敗,きょうへいひっぱい
尭風舜雨,ぎょうふうしゅんう
尭年舜日,ぎょうねんしゅんじつ
仰天不愧,ぎょうてんふき
胸中成竹,きょうちゅうのせいちく
協心戮力,きょうしんりくりょく
驚心動魄,きょうしんどうはく
彊食自愛,きょうしょくじあい
驕奢淫逸,きょうしゃいんいつ
教唆煽動,きょうさせんどう
尭鼓舜木,ぎょうこしゅんぼく
匡衡壁鑿,きょうこうへきさく
恐惶謹言,きょうこうきんげん
狂言綺語,きょうげんきご
教外別伝,きょうげべつでん
薑桂之性,きょうけいのせい
僑軍孤進,きょうぐんこしん
恐懼感激,きょうくかんげき
胸襟秀麗,きょうきんしゅうれい
澆季末世,ぎょうきまっせ
澆季溷濁,ぎょうきこんだく
仰観俯察,ぎょうかんふさつ
強幹弱枝,きょうかんじゃくし
鏡花水月,きょうかすいげつ
矯角殺牛,きょうかくさつぎゅう
尭階三尺,ぎょうかいさんじゃく
矯枉過直,きょうおうかちょく
強悪強善,きょうあくきょうぜん
挙案斉眉,きょあんせいび 
急流勇退,きゅうりゅうゆうたい
朽木糞土,きゅうぼくふんど
朽木糞牆,きゅうぼくふんしょう
吸風飲露,きゅうふういんろ
魚鱗之陣,ぎょりんのじん
魚鱗鶴翼,ぎょりんかくよく
魚目混珠,ぎょもくこんしゅ
魚菽之祭,ぎょしゅくのまつり
魚質竜文,ぎょしつりょうぶん
魚塩之利,ぎょえんのり
魚爛土崩,ぎょらんどほう
窮年累世,きゅうねんるいせい
窮途末路,きゅうとまつろ
窮途之哭,きゅうとのこく
旧套墨守,きゅうとうぼくしゅ
九鼎大呂,きゅうていたいりょ
窮鳥入懐,きゅうちょうにゅうかい
九腸寸断,きゅうちょうすんだん
救世済民,きゅうせいさいみん
宮車晏駕,きゅうしゃあんが
窮山幽谷,きゅうざんゆうこく
泣斬馬謖,きゅうざんばしょく
丘山之功,きゅうざんのこう
九皐鳴鶴,きゅうこうのめいかく
泣血漣如,きゅうけつれんじょ
九棘三槐,きゅうきょくさんかい
汲汲忙忙,きゅうきゅうぼうぼう
魚網鴻離,ぎょもうこうり
金亀換酒,きんきかんしゅ
鳩首謀議,きゅうしゅぼうぎ
鳩形鵠面,きゅうけいこくめん
鳩首凝議,きゅうしゅぎょうぎ
魚竜爵馬,ぎょりょうしゃくば
鳩居鵲巣,きゅうきょじゃくそう
九牛一毛,きゅうぎゅうのいちもう
牛刀割鶏,ぎゅうとうかっけい
牛溲馬勃,ぎゅうしゅうばぼつ
牛驥同皁,ぎゅうきどうそう
牛鬼蛇神,ぎゅうきだしん
旧雨今雨,きゅううこんう
脚下照顧,きゃっかしょうこ
客塵煩悩,きゃくじんぼんのう
逆取順守,ぎゃくしゅじゅんしゅ
鬼面嚇人,きめんかくじん
季布一諾,きふのいちだく
鬼斧神工,きふしんこう
窮鼠噛猫,きゅうそごうびょう
驥服塩車,きふくえんしゃ
帰馬放牛,きばほうぎゅう
肌肉玉雪,きにくぎょくせつ
橘中之楽,きっちゅうのたのしみ
亀甲獣骨,きっこうじゅうこつ
佶屈聱牙,きっくつごうが
鞠躬尽瘁,きっきゅうじんすい
吉祥悔過,きちじょうけか
吉日良辰,きちじつりょうしん
貴賤上下,きせんじょうげ
巍然屹立,ぎぜんきつりつ
羈紲之僕,きせつのぼく
希世之雄,きせいのゆう
杞人天憂,きじんてんゆう
机上之論,きじょうのろん
貴種流離,きしゅりゅうり
鬼出電入,きしゅつでんにゅう
綺繻紈袴,きじゅがんこ
疑事無功,ぎじむこう
貴耳賤目,きじせんもく
箕山之志,きざんのこころざし
旗鼓堂堂,きこどうどう
気骨稜稜,きこつりょうりょう
騎虎之勢,きこのいきおい
規行矩歩,きこうくほ
跂行喙息,きこうかいそく
棄甲曳兵,きこうえいへい
危言覈論,きげんかくろん
規矩準縄,きくじゅんじょう
崎嶇坎軻,きくかんか
熙熙攘攘,ききじょうじょう
騏驥過隙,ききかげき
奇技淫巧,きぎいんこう
鬼瞰之禍,きかんのわざわい
奇貨可居,きかかきょ
機械之心,きかいのこころ
既往不咎,きおうふきゅう
疑雲猜霧,ぎうんさいむ
気韻生動,きいんせいどう
窮猿投林,きゅうえんとうりん
近郷近在,きんごうきんざい
鬼哭啾啾,きこくしゅうしゅう
勤倹力行,きんけんりっこう
恐恐謹言,きょうきょうきんげん
兢兢業業,きょうきょうぎょうぎょう
鬼手仏心,きしゅぶっしん
旗幟鮮明,きしせんめい
奇策縦横,きさくじゅうおう
気候風土,きこうふうど
奇奇怪怪,ききかいかい
奇怪千万,きかいせんばん
機会均等,きかいきんとう
気炎万丈,きえんばんじょう
気宇壮大,きうそうだい
勤労奉仕,きんろうほうし
金殿玉楼,きんでんぎょくろう
近所合壁,きんじょがっぺき
金城鉄壁,きんじょうてっぺき
緊褌一番,きんこんいちばん
金口木舌,きんこうぼくぜつ
謹厳実直,きんげんじっちょく
槿花一日,きんかいちじつ
金烏玉兎,きんうぎょくと
錦衣玉食,きんいぎょくしょく
議論百出,ぎろんひゃくしゅつ
義理人情,ぎりにんじょう
義理一遍,ぎりいっぺん
魚目燕石,ぎょもくえんせき
毀誉褒貶,きよほうへん
挙動不審,きょどうふしん
虚心坦懐,きょしんたんかい
挙国一致,きょこくいっち
局面打開,きょくめんだかい
玉石混交,ぎょくせきこんこう
旭日昇天,きょくじつしょうてん
曲学阿世,きょくがくあせい
局外中立,きょくがいちゅうりつ
虚虚実実,きょきょじつじつ
器用貧乏,きようびんぼう
強迫観念,きょうはくかんねん
共同戦線,きょうどうせんせん
驚天動地,きょうてんどうち
兄弟弟子,きょうだいでし
拱手傍観,きょうしゅぼうかん
行住坐臥,ぎょうじゅうざが
狂喜乱舞,きょうきらんぶ
恐悦至極,きょうえつしごく
旧態依然,きゅうたいいぜん
鳩首協議,きゅうしゅきょうぎ
九夏三伏,きゅうかさんぷく
亀毛兎角,きもうとかく
鬼面仏心,きめんぶっしん
吉凶禍福,きっきょうかふく
気息奄奄,きそくえんえん
欣喜雀躍,きんきじゃくやく
金科玉条,きんかぎょくじょう
危急存亡,ききゅうそんぼう
玉石混淆,ぎょくせきこんこう
興味津々,きょうみしんしん
共存共栄,きょうぞんきょうえい
急転直下,きゅうてんちょっか
九死一生,きゅうしいっしょう
起承転結,きしょうてんけつ
奇想天外,きそうてんがい
疑心暗鬼,ぎしんあんき
喜色満面,きしょくまんめん
起死回生,きしかいせい
牛飲馬食,ぎゅういんばしょく
喜怒哀楽,きどあいらく
危機一髪,ききいっぱつ
群集心理,ぐんしゅうしんり
苦心孤詣,くしんこけい
群竜無首,ぐんりょうむしゅ
君側之悪,くんそくのあく
葷酒山門,くんしゅさんもん
君子不器,くんしふき
君子万年,くんしばんねん
君子三楽,くんしのさんらく
君子三戒,くんしのさんかい
君子三畏,くんしのさんい
君子九思,くんしのきゅうし
焄蒿悽愴,くんこうせいそう
群軽折軸,ぐんけいせつじく
群疑満腹,ぐんぎまんぷく
群蟻附羶,ぐんぎふせん
君恩海壑,くんおんかいがく
九品蓮台,くほんれんだい
区聞陬見,くぶんすうけん
求不得苦,ぐふとくく
狗吠緇衣,くはいしい
苦肉之計,くにくのはかりごと
愚者一得,ぐしゃのいっとく
苦口婆心,くこうばしん
愚公移山,ぐこういざん
区区之心,くくのこころ
苦髪楽爪,くがみらくづめ
空即是色,くうそくぜしき
空空漠漠,くうくうばくばく
空空寂寂,くうくうじゃくじゃく
空谷跫音,くうこくのきょうおん
群鶏一鶴,ぐんけいのいっかく
狗馬之心,くばのこころ
愚問愚答,ぐもんぐとう
九分九厘,くぶくりん
狗尾続貂,くびぞくちょう
口不調法,くちぶちょうほう
苦心惨憺,くしんさんたん
苦学力行,くがくりっこう
空理空論,くうりくうろん
空中楼閣,くうちゅうろうかく
空中分解,くうちゅうぶんかい
群雄割拠,ぐんゆうかっきょ
君子豹変,くんしひょうへん
空前絶後,くうぜんぜつご
権謀術数,けんぼうじゅっすう
献芹之意,けんきんのい
経国大業,けいこくのたいぎょう
堅苦卓絶,けんくたくぜつ
蛍雪之功,けいせつのこう
懸腕枕腕,けんわんちんわん
懸腕直筆,けんわんちょくひつ
黔驢之技,けんろのぎ
堅牢堅固,けんろうけんご
牽攣乖隔,けんれんかいかく
彦倫鶴怨,げんりんかくえん
賢良方正,けんりょうほうせい
賢明愚昧,けんめいぐまい
肩摩轂撃,けんまこくげき
玄圃積玉,げんぽせきぎょく
言文一致,げんぶんいっち
剣抜弩張,けんばつどちょう
堅白同異,けんぱくどうい
堅忍質直,けんにんしっちょく
堅忍果決,けんにんかけつ
懸頭刺股,けんとうしこ
乾端坤倪,けんたんこんげい
阮籍青眼,げんせきせいがん
見性成仏,けんしょうじょうぶつ
言笑自若,げんしょうじじゃく
玄裳縞衣,げんしょうこうい
減収減益,げんしゅうげんえき
言者不知,げんしゃふち
妍姿艶質,けんしえんしつ
厳塞要徼,げんさいようきょう
堅塞固塁,けんさいこるい
堅甲利兵,けんこうりへい
元亨利貞,げんこうりてい
言行齟齬,げんこうそご
拳拳服膺,けんけんふくよう
蹇蹇匪躬,けんけんひきゅう
見賢思斉,けんけんしせい
剣戟森森,けんげきしんしん
元軽白俗,げんけいはくぞく
阮簡曠達,げんかんこうたつ
懸河之弁,けんがのべん
懸崖勒馬,けんがいろくば
狷介不羈,けんかいふき
懸崖撒手,けんがいさっしゅ
狷介固陋,けんかいころう
狷介孤高,けんかいここう
牽衣頓足,けんいとんそく
言易行難,げんいこうなん
兼愛無私,けんあいむし
兼愛交利,けんあいこうり
血脈貫通,けつみゃくかんつう
月中蟾蜍,げっちゅうのせんじょ
結縄之政,けつじょうのまつりごと
刖趾適屨,げっしてきく
月卿雲客,げっけいうんかく
譎詭変幻,けっきへんげん
月下推敲,げっかすいこう
厥角稽首,けっかくけいしゅ
灰身滅智,けしんめっち
激濁揚清,げきだくようせい
撃壌之歌,げきじょうのうた
桂林一枝,けいりんのいっし
軽慮浅謀,けいりょせんぼう
形容枯槁,けいようここう
鶏鳴之助,けいめいのたすけ
形名参同,けいめいさんどう
刑鞭蒲朽,けいべんほきゅう
繋風捕影,けいふうほえい
鶏皮鶴髪,けいひかくはつ
桂殿蘭宮,けいでんらんきゅう
軽諾寡信,けいだくかしん
傾側偃仰,けいそくえんぎょう
勁草之節,けいそうのせつ
蛍窓雪案,けいそうせつあん
景星鳳凰,けいせいほうおう
卿相雲客,けいしょううんかく
霓裳羽衣,げいしょううい
瓊枝栴檀,けいしせんだん
瓊枝玉葉,けいしぎょくよう
鶏尸牛従,けいしぎゅうしょう
荊山之玉,けいざんのぎょく
荊釵布裙,けいさいふくん
荊妻豚児,けいさいとんじ
刑故無小,けいこむしょう
傾国美女,けいこくのびじょ
桂玉之艱,けいぎょくのかん
荊棘銅駝,けいきょくどうだ
荊棘叢裏,けいきょくそうり
桂宮柏寝,けいきゅうはくしん
傾危之士,けいきのし
桂冠詩人,けいかんしじん
繋影捕風,けいえいほふう
形影相同,けいえいそうどう
形影相弔,けいえいそうちょう
経営惨憺,けいえいさんたん
形影一如,けいえいいちにょ
閨英闈秀,けいえいいしゅう
軽裘肥馬,けいきゅうひば
鶏口牛後,けいこうぎゅうご
牽羊悔亡,けんようかいぼう
犬馬之心,けんばのこころ
犬馬之養,けんばのよう
犬馬之労,けんばのろう
犬馬之年,けんばのとし
見兔放犬,けんとほうけん
犬馬之歯,けんばのよわい
犬牙相制,けんがそうせい
犬猿之仲,けんえんのなか
鶏犬不寧,けいけんふねい
権謀術策,けんぼうじゅっさく
堅忍不抜,けんにんふばつ
現世利益,げんせりやく
厳正中立,げんせいちゅうりつ
現状打破,げんじょうだは
現状維持,げんじょういじ
乾坤一擲,けんこんいってき
喧喧囂囂,けんけんごうごう
牽強付会,けんきょうふかい
欠席裁判,けっせきさいばん
外題学問,げだいがくもん
鶏鳴狗盗,けいめいくとう
軽妙洒脱,けいみょうしゃだつ
軽薄短小,けいはくたんしょう
敬天愛人,けいてんあいじん
軽佻浮薄,けいちょうふはく
経世済民,けいせいさいみん
傾城傾国,けいせいけいこく
軽挙妄動,けいきょもうどう
鯨飲馬食,げいいんばしょく
捲土重来,けんどちょうらい
言行一致,げんこういっち
月下氷人,げっかひょうじん
荒涼索莫,こうりょうさくばく
綱紀廃弛,こうきはいし
香気芬芬,こうきふんぷん
渾崙呑棗,こんろんどんそう
金輪奈落,こんりんならく
魂飛魄散,こんひはくさん
昏定晨省,こんていしんせい
根深柢固,こんしんていこ
今昔之感,こんじゃくのかん
渾渾沌沌,こんこんとんとん
困苦欠乏,こんくけつぼう
渾金璞玉,こんきんはくぎょく
孤陋寡聞,ころうかぶん
五倫十起,ごりんじっき
五倫五常,ごりんごじょう
虚融澹泊,こゆうたんぱく
枯木竜吟,こぼくりょうぎん
孤峰絶岸,こほうぜつがん
鼓舞激励,こぶげきれい
鼓腹撃壌,こふくげきじょう
寤寐思服,ごびしふく
胡馬北風,こばほくふう
孤独矜寡,こどくかんか
梧桐一葉,ごどういちよう
虎擲竜挐,こてきりょうだ
国君含垢,こっくんがんこう
克己復礼,こっきふくれい
五体投地,ごたいとうち
胡孫入袋,こそんにゅうたい
胡説乱道,こせつらんどう
鼓舌揺脣,こぜつようしん
古人糟魄,こじんのそうはく
五濁悪世,ごじょくあくせ
枯樹生華,こじゅせいか
後生菩提,ごしょうぼだい
五十知命,ごじゅうちめい
股肱之臣,ここうのしん
刻露清秀,こくろせいしゅう
孤苦零丁,こくれいてい
国利民福,こくりみんぷく
鵠面鳥形,こくめんちょうけい
国歩艱難,こくほかんなん
黒風白雨,こくふうはくう
黒白混淆,こくびゃくこんこう
克伐怨欲,こくばつえんよく
懇到切至,こんとうせっし
顧復之恩,こふくのおん
叩頭三拝,こうとうさんぱい
孝行恩愛,こうこうおんあい
困知勉行,こんちべんこう
刻苦精励,こっくせいれい
刻苦精進,こっくしょうじん
黒貂之裘,こくちょうのきゅう
国色天香,こくしょくてんこう
刻舟求剣,こくしゅうきゅうけん
黒歯彫題,こくしちょうだい
告朔餼羊,こくさくのきよう
哭岐泣練,こくききゅうれん
胡漢陵轢,こかんりょうれき
孤寡不穀,こかふこく
呉下阿蒙,ごかのあもう
五陰盛苦,ごおんじょうく
行屎走尿,こうしそうにょう
古往今来,こおうこんらい
孤影悄然,こえいしょうぜん
孤雲野鶴,こうんやかく
五蘊皆空,ごうんかいくう
光禄池台,こうろくのちだい
高楼大廈,こうろうたいか
亢竜有悔,こうりょうゆうかい
蛟竜毒蛇,こうりょうどくだ
膏粱子弟,こうりょうしてい
黄粱一炊,こうりょういっすい
毫釐千里,ごうりせんり
洽覧深識,こうらんしんしき
孔翊絶書,こうよくぜっしょ
紅葉良媒,こうようりょうばい
高陽酒徒,こうようのしゅと
衡陽雁断,こうようがんだん
鴻門玉斗,こうもんのぎょくと
孔孟老荘,こうもうろうそう
毫毛斧柯,ごうもうふか
黄霧四塞,こうむしそく
毫末之利,ごうまつのり
槁木死灰,こうぼくしかい
高鳳漂麦,こうほうひょうばく
黄茅白葦,こうぼうはくい
光芒一閃,こうぼういっせん
紅粉青蛾,こうふんせいが
咬文嚼字,こうぶんしゃくじ
光風霽月,こうふうせいげつ
敲氷求火,こうひょうきゅうか
香美脆味,こうびぜいみ
洪範九疇,こうはんきゅうちゅう
黄髪番番,こうはつはは
黄髪垂髫,こうはつすいちょう
侯覇臥轍,こうはがてつ
項背相望,こうはいそうぼう
狡兎三窟,こうとさんくつ
功徳兼隆,こうとくけんりゅう
皇統連綿,こうとうれんめん
紅灯緑酒,こうとうりょくしゅ
交頭接耳,こうとうせつじ
黄道吉日,こうどうきちにち
向天吐唾,こうてんとだ
孝悌忠信,こうていちゅうしん
口中雌黄,こうちゅうのしおう
黄中内潤,こうちゅうないじゅん
高談雄弁,こうだんゆうべん
高談闊歩,こうだんかっぽ
浩然之気,こうぜんのき
恍然大悟,こうぜんたいご
考績幽明,こうせきゆうめい
孔席墨突,こうせきぼくとつ
荒瘠斥鹵,こうせきせきろ
功成名遂,こうせいめいすい
曠世不羈,こうせいふき
曠世之才,こうせいのさい
曠世之感,こうせいのかん
後生可畏,こうせいかい
鉤心闘角,こうしんとうかく
嚆矢濫觴,こうしらんしょう
口耳四寸,こうじよんすん
苟且偸安,こうしょとうあん
攻城野戦,こうじょうやせん
向上機縁,こうじょうのきえん
黄裳元吉,こうしょうげんきつ
鉤章棘句,こうしょうきょくく
鉤縄規矩,こうじょうきく
高車駟馬,こうしゃしば
口耳之学,こうじのがく
曠日弥久,こうじつびきゅう
好事多魔,こうじたま
行尸走肉,こうしそうにく
口耳講説,こうじこうせつ
高山流水,こうざんりゅうすい
高山景行,こうざんけいこう
光彩陸離,こうさいりくり
幸災楽禍,こうさいらくか
光彩奪目,こうさいだつもく
鴻鵠之志,こうこくのこころざし
膏肓之疾,こうこうのしつ
恍恍惚惚,こうこうこつこつ
槁項黄馘,こうこうこうかく
巧言乱徳,こうげんらんとく
黄絹幼婦,こうけんようふ
高軒寵過,こうけんちょうか
皓月千里,こうげつせんり
高下在心,こうげざいしん
敲金撃石,こうきんげきせき
綱挙網疏,こうきょもうそ
巧偽拙誠,こうぎせっせい
光輝燦然,こうきさんぜん
合歓綢繆,ごうかんちゅうびゅう
紅顔可憐,こうがんかれん
鴻雁哀鳴,こうがんあいめい
高歌放吟,こうかほうぎん
広厦万間,こうかばんげん
効果覿面,こうかてきめん
高牙大纛,こうがだいとう
膏火自煎,こうかじせん
口角飛沫,こうかくひまつ
慷慨憤激,こうがいふんげき
後悔噬臍,こうかいぜいせい
光焔万丈,こうえんばんじょう
光陰如箭,こういんじょぜん
黄衣廩食,こういりんしょく
香囲粉陣,こういふんじん
縞衣綦巾,こういききん
挙一明三,こいちみょうさん
混水模魚,こんすいもぎょ
涸轍鮒魚,こてつのふぎょ
枯魚銜索,こぎょかんさく
鵠面鳩形,こくめんきゅうけい
牛頭馬頭,ごずめず
呼牛呼馬,こぎゅうこば
梧鼠之技,ごそのぎ
虎豹之文,こひょうのぶん
虎尾春氷,こびしゅんぴょう
虎頭蛇尾,ことうだび
虎嘯風生,こしょうふうしょう
虎口余生,ここうよせい
虎穴虎子,こけつこし
虎渓三笑,こけいさんしょう
狐狼盗難,ころうとうなん
狐狸変化,こりへんげ
狐死兎泣,こしときゅう
狐死首丘,こししゅきゅう
狐裘蒙戎,こきゅうもうじゅう
狐裘羔袖,こきゅうこうしゅう
狐仮虎威,こかこい
狐影蕭然,こえいしょうぜん
篝火狐鳴,こうかこめい
好機到来,こうきとうらい
好評嘖嘖,こうひょうさくさく
恒久平和,こうきゅうへいわ
五分五分,ごぶごぶ
甲論乙駁,こうろんおつばく
高論卓説,こうろんたくせつ
狐疑逡巡,こぎしゅんじゅん
呉牛喘月,ごぎゅうぜんげつ
極悪非道,ごくあくひどう
国士無双,こくしむそう
紅毛碧眼,こうもうへきがん
孔明臥竜,こうめいがりょう
豪放磊落,ごうほうらいらく
荒唐無稽,こうとうむけい
行動半径,こうどうはんけい
高枕安眠,こうちんあんみん
巧遅拙速,こうちせっそく
黄塵万丈,こうじんばんじょう
公序良俗,こうじょりょうぞく
公私混同,こうしこんどう
高材疾足,こうざいしっそく
高潔無比,こうけつむひ
恒久不変,こうきゅうふへん
剛毅木訥,ごうきぼくとつ
綱紀粛正,こうきしゅくせい
剛毅果断,ごうきかだん
傲岸不遜,ごうがんふそん
豪華絢爛,ごうかけんらん
行雲流水,こううんりゅうすい
高位高官,こういこうかん
蒟蒻問答,こんにゃくもんどう
金剛不壊,こんごうふえ
欣求浄土,ごんぐじょうど
狐狸妖怪,こりようかい
五風十雨,ごふうじゅうう
小春日和,こはるびより
固定観念,こていかんねん
木端微塵,こっぱみじん
滑稽洒脱,こっけいしゃだつ
誇大妄想,こだいもうそう
五臓六腑,ごぞうろっぷ
故事来歴,こじらいれき
古色蒼然,こしょくそうぜん
孤城落日,こじょうらくじつ
後生大事,ごしょうだいじ
古今無双,ここんむそう
古今独歩,ここんどっぽ
個個別別,ここべつべつ
五穀豊穣,ごこくほうじょう
極楽蜻蛉,ごくらくとんぼ
極楽往生,ごくらくおうじょう
渾然一体,こんぜんいったい
懇切丁寧,こんせつていねい
虎視眈眈,こしたんたん
孤軍奮闘,こぐんふんとう
公平無私,こうへいむし
巧言令色,こうげんれいしょく
厚顔無恥,こうがんむち
刻苦勉励,こっくべんれい
広大無辺,こうだいむへん
公明正大,こうめいせいだい
言語道断,ごんごどうだん
五里霧中,ごりむちゅう
孤立無援,こりつむえん
古今東西,ここんとうざい
呉越同舟,ごえつどうしゅう
三令五申,さんれいごしん
三老五更,さんろうごこう
三浴三薫,さんよくさんくん
山容水態,さんようすいたい
讒謗罵詈,ざんぼうばり
残編断簡,ざんぺんだんかん
三平二満,さんぺいじまん
三分鼎足,さんぶんていそく
散文精神,さんぶんせいしん
三百代言,さんびゃくだいげん
残杯冷炙,ざんぱいれいしゃ
三人文殊,さんにんもんじゅ
残忍酷薄,ざんにんこくはく
山濤識量,さんとうしきりょう
讒諂面諛,ざんてんめんゆ
参天弐地,さんてんじち
斬釘截鉄,ざんていせってつ
山中暦日,さんちゅうれきじつ
残息奄奄,ざんそくえんえん
山藪蔵疾,さんそうぞうしつ
三千世界,さんぜんせかい
三尺童子,さんせきのどうじ
三聖吸酸,さんせいきゅうさん
三世一爨,さんせいいっさん
三寸不律,さんずんふりつ
三十而立,さんじゅうじりつ
三者鼎談,さんしゃていだん
三舎退避,さんしゃたいひ
三者三様,さんしゃさんよう
三尺秋水,さんじゃく,の
三豕渉河,さんししょうか
三思後行,さんしこうこう
残山剰水,ざんざんじょうすい
斬衰斉衰,ざんさいしさい
山高水長,さんこうすいちょう
残膏賸馥,ざんこうしょうふく
三綱五常,さんこうごじょう
三軍暴骨,さんぐんばくこつ
三薫三沐,さんくんさんもく
三釁三浴,さんきんさんよく
三跪九叩,さんききゅうこう
山簡倒載,さんかんとうさい
山河襟帯,さんがきんたい
三界流転,さんがいるてん
三界無安,さんがいむあん
桟雲峡雨,さんうんきょうう
察言観色,さつげんかんしき
沙中偶語,さちゅうのぐうご
蹉跎歳月,さたさいげつ
左戚右賢,させきゆうけん
坐作進退,ざさしんたい
瑣砕細膩,ささいさいじ
左建外易,さけんがいえき
鑿壁偸光,さくへきとうこう
作文三上,さくぶんさんじょう
削足適履,さくそくてきり
鑿窓啓牖,さくそうけいゆう
作史三長,さくしのさんちょう
鑿歯尺牘,さくしせきとく
坐臥行歩,ざがこうほ
菜圃麦隴,さいほばくろう
彩鳳随鴉,さいほうずいあ
采椽不斲,さいてんふたく
裁断批評,さいだんひひょう
灑掃応対,さいそうおうたい
載籍浩瀚,さいせきこうかん
祭政一致,さいせいいっち
採薪之憂,さいしんのうれい
採薪汲水,さいしんきゅうすい
載舟覆舟,さいしゅうふくしゅう
犀舟勁檝,さいしゅうけいしゅう
妻子眷族,さいしけんぞく
在邇求遠,ざいじきゅうえん
罪業消滅,ざいごうしょうめつ
歳寒松柏,さいかんしょうはく
歳寒三友,さいかんさんゆう
採菓汲水,さいかきっすい
塞翁失馬,さいおうしつば
三枝之礼,さんしのれい
座薪懸胆,ざしんけんたん
歳月不待,さいげつふたい
塞翁之馬,さいおうのうま
豺狼当路,さいろうとうろ
三人成虎,さんにんせいこ
三面六臂,さんめんろっぴ
三面記事,さんめんきじ
賛否両論,さんぴりょうろん
三年味噌,さんねんみそ
三人三様,さんにんさんよう
斬新奇抜,ざんしんきばつ
三十六計,さんじゅうろっけい
三者鼎立,さんしゃていりつ
残酷非道,ざんこくひどう
産学協同,さんがくきょうどう
左支右吾,さしゆうご
昨非今是,さくひこんぜ
西方浄土,さいほうじょうど
才弁縦横,さいべんじゅうおう
採長補短,さいちょうほたん
才子多病,さいしたびょう
才子佳人,さいしかじん
在在所所,ざいざいしょしょ
最後通牒,さいごつうちょう
再起不能,さいきふのう
才気煥発,さいきかんぱつ
斎戒沐浴,さいかいもくよく
三位一体,さんみいったい
三拝九拝,さんぱいきゅうはい
三三五五,さんさんごご
残念無念,ざんねんむねん
山紫水明,さんしすいめい
三寒四温,さんかんしおん
才色兼備,さいしょくけんび
再三再四,さいさんさいし
四角四面,しかくしめん
嘯風弄月,しょうふうろうげつ
辛労辛苦,しんろうしんく
深厲浅掲,しんれいせんけい
蜃楼海市,しんろうかいし
深慮遠謀,しんりょえんぼう
新涼灯火,しんりょうとうか
迅雷風烈,じんらいふうれつ
人面桃花,じんめんとうか
晨夜兼道,しんやけんどう
瞋目張胆,しんもくちょうたん
心満意足,しんまんいそく
人面獣身,じんめんじゅうしん
脣亡歯寒,しんぼうしかん
神仏混淆,しんぶつこんこう
振臂一呼,しんぴいっこ
心頭滅却,しんとうめっきゃく
塵飯塗羹,じんぱんとこう
神荼鬱塁,しんとうつりつ
尽忠報国,じんちゅうほうこく
心地光明,しんちこうめい
身体髪膚,しんたいはっぷ
迅速果断,じんそくかだん
尽善尽美,じんぜんじんび
神仙思想,しんせんしそう
鐘鳴鼎食,しょうめいていしょく
生滅滅已,しょうめつめつい
笑面夜叉,しょうめんやしゃ
将門有将,しょうもんゆうしょう
逍遥自在,しょうようじざい
従容就義,しょうようしゅうぎ
従容不迫,しょうようふはく
晨星落落,しんせいらくらく
逍遥法外,しょうようほうがい
乗輿車駕,じょうよしゃが
薪水之労,しんすいのろう
乗輿播越,じょうよはえつ
常鱗凡介,じょうりんぼんかい
上漏下湿,じょうろうかしゅう
杵臼之交,しょきゅうのまじわり
嗇夫利口,しょくふりこう
諸子百家,しょしひゃっか
処女脱兎,しょじょだっと
助長抜苗,じょちょうばつびょう
初転法輪,しょてんぼうりん
諸法無我,しょほうむが
黍離之歎,しょりのたん
芝蘭玉樹,しらんぎょくじゅ
芝蘭結契,しらんけっけい
芝蘭之室,しらんのしつ
芝蘭之交,しらんのまじわり
至理名言,しりめいげん
事理明白,じりめいはく
持粱歯肥,じりょうしひ
緇林杏壇,しりんきょうだん
眥裂髪指,しれつはっし
指鹿為馬,しろくいば
四六駢儷,しろくべんれい
人為淘汰,じんいとうた
神韻縹渺,しんいんひょうびょう
心願成就,しんがんじょうじゅ
人間青山,じんかんせいざん
心悸亢進,しんきこうしん
新鬼故鬼,しんきこき
晨去暮来,しんきょぼらい
辛苦遭逢,しんくそうほう
身軽言微,しんけいげんび
人権蹂躙,じんけんじゅうりん
身言書判,しんげんしょはん
心慌意乱,しんこういらん
真人大観,しんじんたいかん
人心収攬,じんしんしゅうらん
心神耗弱,しんしんこうじゃく
人心洶洶,じんしんきょうきょう
身心一如,しんしんいちにょ
薪尽火滅,しんじんかめつ
心織筆耕,しんしょくひっこう
神色自若,しんしょくじじゃく
参商之隔,しんしょうのへだて
尋章摘句,じんしょうてきく
尋常一様,じんじょういちよう
浸潤之譖,しんじゅんのそしり
人主逆鱗,じんしゅげきりん
仁者楽山,じんしゃらくざん
仁者無敵,じんしゃむてき
仁者不憂,じんしゃふゆう
斟酌折衷,しんしゃくせっちゅう
脣歯輔車,しんしほしゃ
人事天命,じんじてんめい
進取果敢,しんしゅかかん
参差錯落,しんしさくらく
慎始敬終,しんしけいしゅう
神算鬼謀,しんさんきぼう
神采英抜,しんさいえいばつ
深根固柢,しんこんこてい
人口稠密,じんこうちゅうみつ
心広体胖,しんこうたいはん
深溝高塁,しんこうこうるい
神工鬼斧,しんこうきふ
人口膾炙,じんこうかいしゃ
漿酒霍肉,しょうしゅかくにく
常住不断,じょうじゅうふだん
銷鑠縮栗,しょうしゃくしゅくりつ
商山四皓,しょうざんのしこう
小国寡民,しょうこくかみん
上行下効,じょうこうかこう
笙磬同音,しょうけいどうおん
上求菩提,じょうぐぼだい
小家碧玉,しょうかへきぎょく
上下天光,しょうかてんこう
上下一心,しょうかいっしん
硝煙弾雨,しょうえんだんう
上援下推,じょうえんかすい
冗員淘汰,じょういんとうた
情意投合,じょういとうごう
宵衣旰食,しょういかんしょく
叙位叙勲,じょいじょくん
春和景明,しゅんわけいめい
醇風美俗,じゅんぷうびぞく
駿足長阪,しゅんそくちょうはん
春愁秋思,しゅんしゅうしゅうし
蓴羹鱸膾,じゅんこうろかい
春寒料峭,しゅんかんりょうしょう
純一無雑,じゅんいつむざつ
春蛙秋蝉,しゅんあしゅうぜん
株連蔓引,しゅれんまんいん
珠聯璧合,しゅれんへきごう
儒林棟梁,じゅりんのとうりょう
朱墨爛然,しゅぼくらんぜん
手舞足踏,しゅぶそくとう
酒嚢飯袋,しゅのうはんたい
殊塗同帰,しゅとどうき
出将入相,しゅっしょうにゅうしょう
出谷遷喬,しゅっこくせんきょう
朮羹艾酒,じゅっこうがいしゅ
寿則多辱,じゅそくたじょく
朱唇皓歯,しゅしんこうし
衆生済度,しゅじょうさいど
珠襦玉匣,しゅじゅぎょっこう
輸攻墨守,しゅこうぼくしゅ
夙夜夢寐,しゅくやむび
縮地補天,しゅくちほてん
熟思黙想,じゅくしもくそう
夙興夜寝,しゅくこうやしん
縮衣節食,しゅくいせっしょく
樹下石上,じゅかせきじょう
酒甕飯嚢,しゅおうはんのう
戢鱗潜翼,しゅうりんせんよく
襲名披露,しゅうめいひろう
衆妙之門,しゅうみょうのもん
十万億土,じゅうまんおくど
聚蚊成雷,しゅうぶんせいらい
秋風落莫,しゅうふうらくばく
戎馬倥偬,じゅうばこうそう
十年一剣,じゅうねんいっけん
終南捷径,しゅうなんしょうけい
縦塗横抹,じゅうとおうまつ
獣蹄鳥跡,じゅうていちょうせき
舟中敵国,しゅうちゅうてきこく
秋霜三尺,しゅうそうさんじゃく
十全十美,じゅうぜんじゅうび
衆酔独醒,しゅうすいどくせい
修身斉家,しゅうしんせいか
袖手傍観,しゅうしゅぼうかん
獣聚鳥散,じゅうしゅうちょうさん
聚散十春,しゅうさんじっしゅん 
修己治人,しゅうこちじん
十五志学,じゅうごしがく
秋高馬肥,しゅうこうばひ
秋毫之末,しゅうごうのすえ
重厚長大,じゅうこうちょうだい
衆口一致,しゅうこういっち
衆賢茅茹,しゅうけんぼうじょ
羞月閉花,しゅうげつへいか
愁苦辛勤,しゅうくしんきん
羞花閉月,しゅうかへいげつ
衆寡不敵,しゅうかふてき
秀外恵中,しゅうがいけいちゅう
拾遺補闕,しゅういほけつ
醜悪奸邪,しゅうあくかんじゃ
舎本逐末,しゃほんちくまつ
煮豆燃萁,しゃとうねんき
寂光浄土,じゃっこうじょうど
舎短取長,しゃたんしゅちょう
射石飲羽,しゃせきいんう
車水馬竜,しゃすいばりょう
社稷之守,しゃしょくのまもり
社稷之臣,しゃしょくのしん
射将先馬,しゃしょうせんば
奢侈文弱,しゃしぶんじゃく
奢侈淫佚,しゃしいんいつ
車載斗量,しゃさいとりょう
捨根注枝,しゃこんちゅうし
車蛍孫雪,しゃけいそんせつ
寂滅為楽,じゃくめついらく
杓子果報,しゃくしかほう
釈根灌枝,しゃくこんかんし
舎近求遠,しゃきんきゅうえん
社燕秋鴻,しゃえんしゅうこう
車胤聚蛍,しゃいんしゅうけい
四門遊観,しもんゆうかん
七五三縄,しめなわ
慈母敗子,じぼはいし
徙木之信,しぼくのしん
子墨兎毫,しぼくとごう
子墨客卿,しぼくかくけい
資弁捷疾,しべんしょうしつ
四百四病,しひゃくしびょう
慈悲忍辱,じひにんにく
慈眉善目,じびぜんもく
自然法爾,じねんほうに
舐犢之愛,しとくのあい
紫電清霜,しでんせいそう
耳提面命,じていめんめい
疾風勁草,しっぷうけいそう
七珍万宝,しっちんまんぽう
実践躬行,じっせんきゅうこう
実事求是,じつじきゅうぜ
十死一生,じっしいっしょう
失魂落魄,しっこんらくはく
疾言遽色,しつげんきょしょく
日月逾邁,じつげつゆまい
悉皆成仏,しっかいじょうぶつ
七里結界,しちりけっかい
詩腸鼓吹,しちょうのこすい
視聴言動,しちょうげんどう
史籀大篆,しちゅうだいてん
死中求活,しちゅうきゅうかつ
七歩八叉,しちほはっさ
七歩之才,しちほのさい
七難九厄,しちなんくやく
七堂伽藍,しちどうがらん
七種菜羹,しちしゅのさいこう
七十古稀,しちじゅうこき
七嘴八舌,しちしはちぜつ
至大至剛,しだいしごう
志大才疎,しだいさいそ
四塞之国,しそくのくに
紫髯緑眼,しぜんりょくがん
咫尺之書,しせきのしょ
死生有命,しせいゆうめい
七縦七擒,しちしょうしちきん
四神相応,しじんそうおう
詩人蛻骨,しじんぜいこつ
死屍累累,ししるいるい
四書五経,ししょごきょう
梓匠輪輿,ししょうりんよ
事上磨錬,じじょうまれん
紙上談兵,しじょうだんぺい
耳熟能詳,じじゅくのうしょう
四十不惑,しじゅうふわく
刺字漫滅,しじまんめつ
舐痔得車,しじとくしゃ
師資相承,ししそうしょう
志士仁人,ししじんじん
屍山血河,しざんけつが
思索生知,しさくせいち
而今而後,じこんじご
自己韜晦,じことうかい
事後承諾,じごしょうだく
四荒八極,しこうはっきょく
師曠之聡,しこうのそう
豕交獣畜,しこうじゅうちく
至公至平,しこうしへい
舐糠及米,しこうきゅうまい
子建八斗,しけんはっと
子見南子,しけんなんし
舳艫千里,じくろせんり
四衢八街,しくはちがい
四弘誓願,しぐぜいがん
至恭至順,しきょうしじゅん
色即是空,しきそくぜくう
只管打坐,しかんたざ
紫幹翠葉,しかんすいよう
歯牙余論,しがのよろん
死灰復然,しかいふくねん
四海同胞,しかいどうほう
持盈保泰,じえいほたい
時雨之化,じうのか
子為父隠,しいふいん
侈衣美食,しいびしょく
深情厚誼,しんじょうこうぎ
食馬解囲,しょくばかいい
菽水之歓,しゅくすいのかん
雌伏雄飛,しふくゆうひ
砥礪切磋,しれいせっさ
十年磨剣,じゅうねんまけん
櫛風浴雨,しっぷうよくう
櫛風沐雨,しっぷうもくう
漆身呑炭,しっしんどんたん
死生契闊,しせいけっかつ
孜孜不倦,ししふけん
獅子搏兎,ししはくと
笑裏蔵刀,しょうりぞうとう
囚首喪面,しゅうしゅそうめん
失笑噴飯,しっしょうふんぱん
小水之魚,しょうすいのうお
車魚之嘆,しゃぎょのなげき
史魚屍諫,しぎょしかん
春蚓秋蛇,しゅんいんしゅうだ
鵲巣鳩占,じゃくそうきゅうせん
慈悲心鳥,じひしんちょう
四鳥別離,しちょうべつり
慈烏反哺,じうはんぽ
車轍馬跡,しゃてつばせき
四月馬鹿,しがつばか
守株待兎,しゅしゅたいと
十羊九牧,じゅうようきゅうぼく
照猫画虎,しょうびょうがこ
鴟目虎吻,しもくこふん
市虎三伝,しこさんでん
時節到来,じせつとうらい
十風五雨,じゅうふうごう
実力伯仲,じつりょくはくちゅう
精進潔斎,しょうじんけっさい
志操堅固,しそうけんご
真相究明,しんそうきゅうめい
失望落胆,しつぼうらくたん
士気阻喪,しきそそう
常住坐臥,じょうじゅうざが
自助努力,じじょどりょく
自学自習,じがくじしゅう
周知徹底,しゅうちてってい
失礼千万,しつれいせんばん
真剣勝負,しんけんしょうぶ
人海戦術,じんかいせんじゅつ
自力更生,じりきこうせい
白河夜船,しらかわよふね
蜀犬吠日,しょくけんはいじつ
諸説紛紛,しょせつふんぷん
初志貫徹,しょしかんてつ
種種雑多,しゅじゅざった
日月星辰,じつげつせいしん
自家撞着,じかどうちゃく
士気高揚,しきこうよう
時期尚早,じきしょうそう
自己犠牲,じこぎせい
自己嫌悪,じこけんお
自己陶酔,じことうすい
自己満足,じこまんぞく
自己矛盾,じこむじゅん
士魂商才,しこんしょうさい
小利大損,しょうりだいそん
生老病死,しょうろうびょうし
諸行無常,しょぎょうむじょう
自作自演,じさくじえん
自然淘汰,しぜんとうた
時時刻刻,じじこっこく
子子孫孫,ししそんそん
事事物物,じじぶつぶつ
獅子奮迅,ししふんじん
史上空前,しじょうくうぜん
自縄自縛,じじょうじばく
至上命令,しじょうめいれい
時代思潮,じだいしちょう
神機妙算,しんきみょうさん
人物月旦,じんぶつげったん
人面獣心,じんめんじゅうしん
食前方丈,しょくぜんほうじょう
震天動地,しんてんどうち
人品骨柄,じんぴんこつがら
陣頭指揮,じんとうしき
新陳代謝,しんちんたいしゃ
慎重居士,しんちょうこじ
人畜無害,じんちくむがい
進退両難,しんたいりょうなん
迅速果敢,じんそくかかん
深層心理,しんそうしんり
人跡未踏,じんせきみとう
人生行路,じんせいこうろ
人心一新,じんしんいっしん
人事不省,じんじふせい
真実一路,しんじついちろ
紳士協定,しんしきょうてい
紳士淑女,しんししゅくじょ
四六時中,しろくじちゅう
思慮分別,しりょふんべつ
私利私欲,しりしよく
常套手段,じょうとうしゅだん
少壮気鋭,しょうそうきえい
少数精鋭,しょうすうせいえい
小心翼翼,しょうしんよくよく
小人閑居,しょうじんかんきょ
生生流転,しょうじょうるてん
情状酌量,じょうじょうしゃくりょう
生者必滅,しょうじゃひつめつ
笑止千万,しょうしせんばん
城狐社鼠,じょうこしゃそ
消化不良,しょうかふりょう
春風駘蕩,しゅんぷうたいとう
純真無垢,じゅんしんむく
純情可憐,じゅんじょうかれん
春宵一刻,しゅんしょういっこく
春日遅遅,しゅんじつちち
首尾一貫,しゅびいっかん
出処進退,しゅっしょしんたい
自由闊達,じゆうかったつ
遮二無二,しゃにむに
洒洒落落,しゃしゃらくらく
杓子定規,しゃくしじょうぎ
自問自答,じもんじとう
揣摩臆測,しまおくそく
四方八方,しほうはっぽう
自分勝手,じぶんかって
紫電一閃,しでんいっせん
疾風怒濤,しっぷうどとう
疾風迅雷,しっぷうじんらい
十中八九,じっちゅうはっく
失地回復,しっちかいふく
質素倹約,しっそけんやく
失敬千万,しっけいせんばん
質疑応答,しつぎおうとう
四通八達,しつうはったつ
七難八苦,しちなんはっく
舌先三寸,したさきさんずん
事大主義,じだいしゅぎ
酒池肉林,しゅちにくりん
首鼠両端,しゅそりょうたん
熟慮断行,じゅくりょだんこう
熟読玩味,じゅくどくがんみ
主義主張,しゅぎしゅちょう
自由奔放,じゆうほんぽう
秋風索莫,しゅうふうさくばく
十年一昔,じゅうねんひとむかし
十年一日,じゅうねんいちじつ
集中砲火,しゅうちゅうほうか
秋霜烈日,しゅうそうれつじつ
衆人環視,しゅうじんかんし
周章狼狽,しゅうしょうろうばい
衆議一決,しゅうぎいっけつ
四海兄弟,しかいけいてい
詩歌管弦,しいかかんげん
尸位素餐,しいそさん
思案投首,しあんなげくび
森羅万象,しんらばんしょう
新進気鋭,しんしんきえい
神出鬼没,しんしゅつきぼつ
深山幽谷,しんざんゆうこく
枝葉末節,しようまっせつ
正真正銘,しょうしんしょうめい
盛者必衰,じょうしゃひっすい
取捨選択,しゅしゃせんたく
主客転倒,しゅかくてんとう
十人十色,じゅうにんといろ
縦横無尽,じゅうおうむじん
四面楚歌,しめんそか
自暴自棄,じぼうじき
四分五裂,しぶんごれつ
叱咤激励,しったげきれい
質実剛健,しつじつごうけん
七転八起,しちてんはっき
時代錯誤,じだいさくご
事実無根,じじつむこん
試行錯誤,しこうさくご
心機一転,しんきいってん
支離滅裂,しりめつれつ
深謀遠慮,しんぼうえんりょ
上意下達,じょういかたつ
順風満帆,じゅんぷうまんぱん
信賞必罰,しんしょうひつばつ
自由自在,じゆうじざい
針小棒大,しんしょうぼうだい
終始一貫,しゅうしいっかん
弱肉強食,じゃくにくきょうしょく
七転八倒,しちてんばっとう
自業自得,じごうじとく
四苦八苦,しくはっく
自画自賛,じがじさん
自給自足,じきゅうじそく
酔生夢死,すいせいむし
水到渠成,すいとうきょせい
吹毛求疵,すいもうきゅうし
寸歩不離,すんぽふり
寸田尺宅,すんでんしゃくたく
寸鉄殺人,すんてつさつじん
寸善尺魔,すんぜんしゃくま
寸指測淵,すんしそくえん
杜撰脱漏,ずさんだつろう
鄒魯遺風,すうろいふう
趨炎附熱,すうえんふねつ
鄒衍降霜,すうえんこうそう
随類応同,ずいるいおうどう
垂名竹帛,すいめいちくはく
推本溯源,すいほんそげん
酔歩蹣跚,すいほまんさん
彗氾画塗,すいはんがと
随波逐流,ずいはちくりゅう
垂頭喪気,すいとうそうき
水天髣髴,すいてんほうふつ
水天一碧,すいてんいっぺき
垂髫戴白,すいちょうたいはく
翠帳紅閨,すいちょうこうけい
水村山郭,すいそんさんかく
水随方円,すいずいほうえん
翠色冷光,すいしょくれいこう
隋珠和璧,ずいしゅかへき
随侯之珠,ずいこうのたま
水月鏡花,すいげつきょうか
垂拱之化,すいきょうのか
随宜所説,ずいぎしょせつ
随喜渇仰,ずいきかつごう
随機応変,ずいきおうへん
酔眼朦朧,すいがんもうろう
随感随筆,ずいかんずいひつ
吹影鏤塵,すいえいろうじん
随鴉彩鳳,ずいあさいほう
寸草春暉,すんそうしゅんき
炊金饌玉,すいきんせんぎょく
水滴石穿,すいてきせきせん
水清無魚,すいせいむぎょ
水魚之交,すいぎょのまじわり
随珠弾雀,ずいしゅだんじゃく
寸馬豆人,すんばとうじん
頭寒足熱,ずかんそくねつ
垂涎三尺,すいぜんさんじゃく
水天彷彿,すいてんほうふつ
頭脳明晰,ずのうめいせき
寸進尺退,すんしんしゃくたい
千変万化,せんぺんばんか
臍下丹田,せいかたんでん
石破天驚,せきはてんきょう
雪裏清香,せつりせいこう
是非善悪,ぜひぜんあく
千慮一得,せんりょのいっとく
賤斂貴発,せんれんきはつ
千慮一失,せんりょのいっしつ
千里命駕,せんりめいが
千里無烟,せんりむえん
千里結言,せんりのけつげん
瞻望咨嗟,せんぼうしさ
穿壁引光,せんぺきいんこう
前覆後戒,ぜんぷくこうかい
仙風道骨,せんぷうどうこつ
全豹一斑,ぜんぴょういっぱん
前跋後疐,ぜんばつこうち
漸入佳境,ぜんにゅうかきょう
先難後獲,せんなんこうかく
千成瓢箪,せんなりびょうたん
旋転囲繞,せんてんいじょう
前程万里,ぜんていばんり
先知先覚,せんちせんがく
栴檀双葉,せんだんのふたば
千朶万朶,せんだばんだ
千村万落,せんそんばんらく
吮疽之仁,せんそのじん
翦草除根,せんそうじょこん
蝉噪蛙鳴,せんそうあめい
戦戦慄慄,せんせんりつりつ
泉石膏肓,せんせきこうこう
先聖先師,せんせいせんし
全生全帰,ぜんせいぜんき
煎水作氷,せんすいさくひょう
千仞之谿,せんじんのたに
浅斟低唱,せんしんていしょう
専心一意,せんしんいちい
千緒万端,せんしょばんたん
僭賞濫刑,せんしょうらんけい
禅譲放伐,ぜんじょうほうばつ
先従隗始,せんじゅうかいし
千状万態,せんじょうばんたい
千乗万騎,せんじょうばんき
川上之歎,せんじょうのたん
千乗之国,せんじょうのくに
千秋万古,せんしゅうばんこ
千射万箭,せんしゃばんせん
前車覆轍,ぜんしゃのふくてつ
浅酌低唱,せんしゃくていしょう
仙姿玉質,せんしぎょくしつ
千錯万綜,せんさくばんそう
仙才鬼才,せんさいきさい
潜在意識,せんざいいしき
千古不磨,せんこふま
千呼万喚,せんこばんかん
洗垢索瘢,せんこうさくはん
先庚後庚,せんこうこうこう
先見之明,せんけんのめい
旋乾転坤,せんけんてんこん
鮮血淋漓,せんけつりんり
千荊万棘,せんけいばんきょく
千金弊帚,せんきんへいそう
千均一髪,せんきんいっぱつ
千金一擲,せんきんいってき
千金一刻,せんきんいっこく
前倨後恭,ぜんきょこうきょう
饌玉炊金,せんぎょくすいきん
善巧方便,ぜんぎょうほうべん
先義後利,せんぎこうり
千巌万壑,せんがんばんがく
遷客騒人,せんかくそうじん
扇影衣香,せんえいいこう
潜移暗化,せんいあんか
是非之心,ぜひのこころ
是非曲直,ぜひきょくちょく
世道人心,せどうじんしん
切問近思,せつもんきんし
窃鈇之疑,せっぷのぎ
雪魄氷姿,せっぱくひょうし
刹那主義,せつなしゅぎ
雪泥鴻爪,せつでいのこうそう
雪中松柏,せっちゅうしょうはく
截断衆流,せつだんしゅる
舌端月旦,ぜったんげったん
絶世独立,ぜっせいどくりつ
殺生禁断,せっしょうきんだん
折衝禦侮,せっしょうぎょぶ
摂取不捨,せっしゅふしゃ
切歯腐心,せっしふしん
截趾適屨,せっしてきく
絶巧棄利,ぜっこうきり
接見応対,せっけんおうたい
雪月風花,せつげつふうか
窃玉偸香,せつぎょくとうこう
折檻諫言,せっかんかんげん
折花攀柳,せっかはんりゅう
雪萼霜葩,せつがくそうは
窃位素餐,せついそさん
是生滅法,ぜしょうめっぽう
隻履西帰,せきりせいき
尺璧非宝,せきへきひほう
尺短寸長,せきたんすんちょう
尺沢之鯢,せきたくのげい
刺草之臣,せきそうのしん
積善余慶,せきぜんのよけい
尺寸之柄,せきすんのへい
尺寸之地,せきすんのち
尺寸之功,せきすんのこう
積薪之嘆,せきしんのたん
赤心奉国,せきしんほうこく
石心鉄腸,せきしんてっちょう
赤手空拳,せきしゅくうけん
碩師名人,せきしめいじん
積日累久,せきじつるいきゅう
隻紙断絹,せきしだんけん
尺山寸水,せきざんすんすい
跖狗吠尭,せきくはいぎょう
碩学大儒,せきがくたいじゅ
積羽沈舟,せきうちんしゅう
積悪余殃,せきあくのよおう
是耶非耶,ぜかひか
世外桃源,せがいとうげん
世運隆替,せうんりゅうたい
精力絶倫,せいりょくぜつりん
生離死別,せいりしべつ
青藍氷水,せいらんひょうすい
星羅雲布,せいらうんぷ
精明強幹,せいめいきょうかん
清風明月,せいふうめいげつ
清風故人,せいふうこじん
精疲力尽,せいひりきじん
萋斐貝錦,せいひばいきん
生呑活剥,せいどんかっぱく
聖読庸行,せいどくようこう
盛徳大業,せいとくたいぎょう
斉東野語,せいとうやご
青天霹靂,せいてんのへきれき
井底之蛙,せいていのあ
生知安行,せいちあんこう
清淡虚無,せいたんきょむ
盛粧麗服,せいそうれいふく
悽愴流涕,せいそうりゅうてい
青銭万選,せいせんばんせん
井渫不食,せいせつふしょく
清聖濁賢,せいせいだくけん
凄凄切切,せいせいせつせつ
聖人無夢,せいじんむむ
青松落色,せいしょうらくしょく
清浄無垢,せいじょうむく
西狩獲麟,せいしゅかくりん
西戎東夷,せいじゅうとうい
斉駆並駕,せいくへいが
静寂閑雅,せいじゃくかんが
西施捧心,せいしほうしん
斉紫敗素,せいしはいそ
噬指棄薪,ぜいしきしん
青史汗簡,せいしかんかん
誠惶誠恐,せいこうせいきょう
性行淑均,せいこうしゅくきん
精金良玉,せいきんりょうぎょく
生気溌溂,せいきはつらつ
生寄死帰,せいきしき
旌旗巻舒,せいきけんじょ
誠歓誠喜,せいかんせいき
星火燎原,せいかりょうげん
清音幽韻,せいおんゆういん
精衛填海,せいえいてんかい
青雲之志,せいうんのこころざし
晴雲秋月,せいうんしゅうげつ
青鞋布韈,せいあふべつ
扇枕温被,せんちんおんぴ
扇枕温衾,せんちんおんきん
積厚流光,せきこうりゅうこう
生死肉骨,せいしにくこつ
節倹力行,せっけんりっこう
雪案蛍窓,せつあんけいそう
積土成山,せきどせいざん
積水成淵,せきすいせいえん
切切偲偲,せつせつしし
声名狼藉,せいめいろうぜき
前狼後虎,ぜんろうこうこ
善因善果,ぜんいんぜんか
千古不滅,せんこふめつ
前途有為,ぜんとゆうい
先祖代々,せんぞだいだい
精励恪勤,せいれいかっきん
政教分離,せいきょうぶんり
晴好雨奇,せいこううき
生殺与奪,せいさつよだつ
聖人君子,せいじんくんし
精神一到,せいしんいっとう
誠心誠意,せいしんせいい
精神統一,せいしんとういつ
生存競争,せいぞんきょうそう
贅沢三昧,ぜいたくざんまい
清濁併呑,せいだくへいどん
正当防衛,せいとうぼうえい
勢力伯仲,せいりょくはくちゅう
清廉潔白,せいれんけっぱく
責任転嫁,せきにんてんか
是是非非,ぜぜひひ
世代交代,せだいこうたい
切歯扼腕,せっしやくわん
戦意喪失,せんいそうしつ
浅学非才,せんがくひさい
千客万来,せんきゃくばんらい
千軍万馬,せんぐんばんば
前言往行,ぜんげんおうこう
千言万語,せんげんばんご
善隣友好,ぜんりんゆうこう
全力投球,ぜんりょくとうきゅう
千両役者,せんりょうやくしゃ
千里同風,せんりどうふう
先憂後楽,せんゆうこうらく
千万無量,せんまんむりょう
専売特許,せんばいとっきょ
善男善女,ぜんなんぜんにょ
前途遼遠,ぜんとりょうえん
前途有望,ぜんとゆうぼう
前途多難,ぜんとたなん
全知全能,ぜんちぜんのう
千態万状,せんたいばんじょう
先祖伝来,せんぞでんらい
宣戦布告,せんせんふこく
戦戦恐恐,せんせんきょうきょう
先制攻撃,せんせいこうげき
千辛万苦,せんしんばんく
全身全霊,ぜんしんぜんれい
千秋万歳,せんしゅうまんざい
千姿万態,せんしばんたい
千紫万紅,せんしばんこう
千思万考,せんしばんこう
千山万水,せんざんばんすい
前後不覚,ぜんごふかく
千古不易,せんこふえき
千篇一律,せんぺんいちりつ
前途洋洋,ぜんとようよう
先手必勝,せんてひっしょう
前人未到,ぜんじんみとう
切磋琢磨,せっさたくま
晴耕雨読,せいこううどく
千差万別,せんさばんべつ
千載一遇,せんざいいちぐう
絶体絶命,ぜったいぜつめい
青天白日,せいてんはくじつ
正々堂々,せいせいどうどう
前代未聞,ぜんだいみもん
創意工夫,そういくふう
孫楚漱石,そんそそうせき
樽俎折衝,そんそせっしょう
孫康映雪,そんこうえいせつ
楚夢雨雲,そむううん
素波銀濤,そはぎんとう
率土之浜,そっとのひん
率先躬行,そっせんきゅうこう
即決即断,そっけつそくだん
楚囚南冠,そしゅうなんかん
麤枝大葉,そしたいよう
楚材晋用,そざいしんよう
属毛離裏,ぞくもうりり
束髪封帛,そくはつふうはく
束帛加璧,そくはくかへき
束皙竹簡,そくせきちくかん
足音跫然,そくおんきょうぜん
草廬三顧,そうろさんこ
即身成仏,そくしんじょうぶつ
俗臭芬芬,ぞくしゅうふんぷん
即時一杯,そくじいっぱい
粟散辺地,ぞくさんへんち
楚越同舟,そえつどうしゅう
巣林一枝,そうりんいっし
総量規制,そうりょうきせい
蒼蠅驥尾,そうようきび
装模作様,そうもさくよう
草木禽獣,そうもくきんじゅう
草木皆兵,そうもくかいへい
草莽之臣,そうもうのしん
争名争利,そうめいそうり
草満囹圄,そうまんれいご
曾母投杼,そうぼとうちょ
桑濮之音,そうぼくのおん
桑蓬之志,そうほうのこころざし
草茅危言,そうぼうきげん
造反有理,ぞうはんゆうり
造反無道,ぞうはんむどう
桑土綢繆,そうどちゅうびゅう
桑田碧海,そうでんへきかい
滄桑之変,そうそうのへん
象箸玉杯,ぞうちょぎょくはい
蒼然暮色,そうぜんぼしょく
痩身矮躯,そうしんわいく
騒人墨客,そうじんぼっかく
曾参歌声,そうしんのかせい
曾参殺人,そうしんさつじん
蚤寝晏起,そうしんあんき
壮士凌雲,そうしりょううん
宋襄之仁,そうじょうのじん
簇酒斂衣,そうしゅれんい
双宿双飛,そうしゅくそうひ
荘周之夢,そうしゅうのゆめ
造次顛沛,ぞうじてんぱい
走尸行肉,そうしこうにく
草根木皮,そうこんぼくひ
桑弧蓬矢,そうこほうし
痩骨窮骸,そうこつきゅうがい
送故迎新,そうこげいしん
草行露宿,そうこうろしゅく
糟糠之妻,そうこうのつま
造言蜚語,ぞうげんひご
叢軽折軸,そうけいせつじく
蒼狗白衣,そうくはくい
痩躯長身,そうくちょうしん
僧伽藍摩,そうぎゃらんま
桑間濮上,そうかんぼくじょう
総角之好,そうかくのよしみ
滄海一粟,そうかいのいちぞく
滄海遺珠,そうかいのいしゅ
滄海桑田,そうかいそうでん
尊尚親愛,そんしょうしんあい
祖先崇拝,そせんすうはい
惻隠之心,そくいんのこころ
鏃礪括羽,ぞくれいかつう
甑塵釜魚,そうじんふぎょ
素車白馬,そしゃはくば
走馬看花,そうばかんか
鼠窃狗盗,そせつくとう
鼠牙雀角,そがじゃっかく
喪家之狗,そうかのいぬ
啐啄同時,そったくどうじ
相乗効果,そうじょうこうか
率先垂範,そっせんすいはん
粗酒粗肴,そしゅそこう
桑田滄海,そうでんそうかい
即断即決,そくだんそっけつ
尊王攘夷,そんのうじょうい
損者三友,そんしゃさんゆう
粗製濫造,そせいらんぞう
粗酒粗餐,そしゅそさん
則天去私,そくてんきょし
速戦即決,そくせんそっけつ
聡明叡知,そうめいえいち
相即不離,そうそくふり
漱石枕流,そうせきちんりゅう
相互扶助,そうごふじょ
創業守成,そうぎょうしゅせい
粗衣粗食,そいそしょく
相思相愛,そうしそうあい
多種多様,たしゅたよう
湛盧之剣,たんろのけん
短慮軽率,たんりょけいそつ
探驪獲珠,たんりかくしゅ
断爛朝報,だんらんちょうほう
端木辞金,たんぼくじきん
断編残簡,だんぺんざんかん
貪夫徇財,たんぷじゅんざい
耽美主義,たんびしゅぎ
断髪文身,だんぱつぶんしん
断悪修善,だんなくしゅぜん
談天雕竜,だんてんちょうりょう
胆戦心驚,たんせんしんきょう
袒裼裸裎,たんせきらてい
断薺画粥,だんせいかくしゅく
丹書鉄契,たんしょてっけい
淡粧濃抹,たんしょうのうまつ
箪食瓢飲,たんしひょういん
箪食壺漿,たんしこしょう
断港絶潢,だんこうぜっこう
男耕女織,だんこうじょしょく
談言微中,だんげんびちゅう
断金之交,だんきんのまじわり
断機之戒,だんきのいましめ
断簡零墨,だんかんれいぼく
弾丸之地,だんがんのち
弾丸黒子,だんがんこくし
弾丸雨注,だんがんうちゅう
短褐穿結,たんかつせんけつ
断鶴続鳧,だんかくぞくふ
多謀善断,たぼうぜんだん
蛇蚹蜩翼,だふちょうよく
奪胎換骨,だったいかんこつ
達人大観,たつじんたいかん
多蔵厚亡,たぞうこうぼう
多銭善賈,たせんぜんこ
多情仏心,たじょうぶっしん
多生之縁,たしょうのえん
多情多恨,たじょうたこん
多情多感,たじょうたかん
打成一片,だじょういっぺん
多事多端,たじたたん
他山之石,たざんのいし
多言数窮,たげんすうきゅう
踔厲風発,たくれいふうはつ
濁流滾滾,だくりゅうこんこん
度徳量力,たくとくりょうりき
託孤寄命,たくこきめい
択言択行,たくげんたくこう
濯纓濯足,たくえいたくそく
大惑不解,たいわくふかい
対驢撫琴,たいろぶきん
太牢滋味,たいろうのじみ
帯厲之誓,たいれいのちかい
大欲非道,たいよくひどう
大名鼎鼎,たいめいていてい
大味必淡,たいみひったん
戴盆望天,たいぼんぼうてん
大法小廉,たいほうしょうれん
体貌閑雅,たいぼうかんが
大兵肥満,だいひょうひまん
大貉小貉,たいばくしょうばく
大道不器,だいどうふき
大智不智,だいちふち
大智如愚,だいちじょぐ
黛蓄膏渟,たいちくこうてい
大沢礨空,だいたくらいくう
頽堕委靡,たいだいび
大信不約,たいしんふやく
大処着墨,たいしょちゃくぼく
対牀夜雨,たいしょうやう
対牀風雪,たいしょうふうせつ
対症下薬,たいしょうかやく
大死一番,だいしいちばん
泰山梁木,たいざんりょうぼく
泰山之安,たいざんのやすき
泰山鴻毛,たいざんこうもう
大悟徹底,たいごてってい
大巧若拙,たいこうじゃくせつ
太羹玄酒,たいこうげんしゅ
滞言滞句,たいげんたいく
体元居正,たいげんきょせい
大桀小桀,たいけつしょうけつ
大衾長枕,たいきんちょうちん
堆金積玉,たいきんせきぎょく
大驚失色,たいきょうしっしょく
大逆無道,たいぎゃくむどう
大義滅親,たいぎめっしん
大器小用,たいきしょうよう
対岸火災,たいがんのかさい
大廈棟梁,たいかのとうりょう
大海撈針,たいかいろうしん
大快人心,たいかいじんしん
太液芙蓉,たいえきのふよう
大隠朝市,たいいんちょうし
大慈大悲,だいじだいひ
打草驚蛇,だそうきょうだ
談虎色変,だんこしきへん
大人虎変,たいじんこへん
大賢虎変,たいけんこへん
多岐多様,たきたよう
他言無用,たごんむよう
談論風発,だんろんふうはつ
胆大心小,たんだいしんしょう
単純明快,たんじゅんめいかい
断崖絶壁,だんがいぜっぺき
暖衣飽食,だんいほうしょく
他力本願,たりきほんがん
他人行儀,たにんぎょうぎ
多士済済,たしせいせい
多芸多才,たげいたさい
多岐亡羊,たきぼうよう
台風一過,たいふういっか
大同団結,だいどうだんけつ
泰然自若,たいぜんじじゃく
大声疾呼,たいせいしっこ
大所高所,たいしょこうしょ
大山鳴動,たいざんめいどう
泰山北斗,たいざんほくと
大根役者,だいこんやくしゃ
対牛弾琴,たいぎゅうだんきん
大喝一声,だいかついっせい
大厦高楼,たいかこうろう
大安吉日,たいあんきちじつ
断章取義,だんしょうしゅぎ
単刀直入,たんとうちょくにゅう
大言壮語,たいげんそうご
多事多難,たじたなん
大同小異,だいどうしょうい
大胆不敵,だいたんふてき
大器晩成,たいきばんせい
大義名分,たいぎめいぶん
大願成就,たいがんじょうじゅ
沈思黙考,ちんしもっこう
枕流漱石,ちんりゅうそうせき
沈博絶麗,ちんぱくぜつれい
沈著痛快,ちんちゃくつうかい
陳勝呉広,ちんしょうごこう
沈思凝想,ちんしぎょうそう
陳蔡之厄,ちんさいのやく
椿萱並茂,ちんけんへいも
枕戈待旦,ちんかたいたん
沈鬱頓挫,ちんうつとんざ
知略縦横,ちりゃくじゅうおう
治乱興亡,ちらんこうぼう
樗櫟之材,ちょれきのざい
樗櫟散木,ちょれきさんぼく
豬突豨勇,ちょとつきゆう
佇思停機,ちょしていき
直言骨鯁,ちょくげんこっこう
直言極諫,ちょくげんきょっかん
直往邁進,ちょくおうまいしん
凋零磨滅,ちょうれいまめつ
重卵之危,ちょうらんのき
朝蠅暮蚊,ちょうようぼぶん
長幼之序,ちょうようのじょ
朝有紅顔,ちょうゆうこうがん
長夜之楽,ちょうやのたのしみ
長夜之飲,ちょうやのいん
頂門金椎,ちょうもんのきんつい
頂門一針,ちょうもんのいっしん
長目飛耳,ちょうもくひじ
鳥面鵠形,ちょうめんこくけい
長命富貴,ちょうめいふうき
長鞭馬腹,ちょうべんばふく
雕文刻鏤,ちょうぶんこくる
嘲風哢月,ちょうふうろうげつ
凋氷画脂,ちょうひょうがし
張眉怒目,ちょうびどもく
頂天立地,ちょうてんりっち
糶糴斂散,ちょうてきれんさん
長枕大被,ちょうちんたいひ
喋喋喃喃,ちょうちょうなんなん
彫虫篆刻,ちょうちゅうてんこく
冢中枯骨,ちょうちゅう,の
朝穿暮塞,ちょうせんぼそく
朝生暮死,ちょうせいぼし
朝成暮毀,ちょうせいぼき
朝齏暮塩,ちょうせいぼえん
長生不死,ちょうせいふし
長生久視,ちょうせいきゅうし
朝秦暮楚,ちょうしんぼそ
朝真暮偽,ちょうしんぼぎ
朝種暮穫,ちょうしゅぼかく
長袖善舞,ちょうしゅうぜんぶ
兆載永劫,ちょうさいようごう
長江天塹,ちょうこうてんざん
懲羮吹膾,ちょうこうすいかい
朝憲紊乱,ちょうけんびんらん
重見天日,ちょうけんてんじつ
重熙累洽,ちょうきるいこう
張冠李戴,ちょうかんりたい
朝観夕覧,ちょうかんせきらん
朝歌夜弦,ちょうかやげん
朝過夕改,ちょうかせきかい
鳥革翬飛,ちょうかくきひ 
朝改暮変,ちょうかいぼへん
張王李趙,ちょうおうりちょう
朝盈夕虚,ちょうえいせききょ
超軼絶塵,ちょういつぜつじん
朝衣朝冠,ちょういちょうかん
長安日辺,ちょうあんにっぺん
寵愛一身,ちょうあいいっしん
黜陟幽明,ちゅっちょくゆうめい
仲連蹈海,ちゅうれんとうかい
中流砥柱,ちゅうりゅうのしちゅう
忠勇義烈,ちゅうゆうぎれつ
綢繆未雨,ちゅうびゅうみう
中通外直,ちゅうつうがいちょく
躊躇逡巡,ちゅうちょしゅんじゅん
昼想夜夢,ちゅうそうやむ
疇昔之夜,ちゅうせきのよ
誅心之法,ちゅうしんのほう
抽薪止沸,ちゅうしんしふつ
中秋名月,ちゅうしゅうのめいげつ
中秋玩月,ちゅうしゅうがんげつ
鋳山煮海,ちゅうさんしゃかい
忠魂義胆,ちゅうこんぎたん
忠孝両全,ちゅうこうりょうぜん
昼耕夜誦,ちゅうこうやしょう
抽黄対白,ちゅうこうたいはく
忠孝一致,ちゅうこういっち
中原之鹿,ちゅうげんのしか
中原逐鹿,ちゅうげんちくろく
中権後勁,ちゅうけんこうけい
忠言逆耳,ちゅうげんぎゃくじ
忠君愛国,ちゅうくんあいこく
着眼大局,ちゃくがんたいきょく
遅暮之嘆,ちぼのたん
智謀浅短,ちぼうせんたん
地平天成,ちへいてんせい
蟄居屏息,ちっきょへいそく
致知格物,ちちかくぶつ
知足不辱,ちそくふじょく
知足安分,ちそくあんぶん
置錐之地,ちすいのち
知小謀大,ちしょうぼうだい
置酒高会,ちしゅこうかい
知者楽水,ちしゃらくすい
知者不惑,ちしゃふわく
知者不言,ちしゃふげん
智者一失,ちしゃのいっしつ
竹林七賢,ちくりんしちけん
竹苞松茂,ちくほうしょうも
竹頭木屑,ちくとうぼくせつ
築室道謀,ちくしつどうぼう
知己朋友,ちきほうゆう
地角天涯,ちかくてんがい
徴羽之操,ちうのそう
忠孝仁義,ちゅうこうじんぎ
知崇礼卑,ちすうれいひ
彫心鏤骨,ちょうしんるこつ
朝雲暮雨,ちょううんぼう
沈魚落雁,ちんぎょらくがん
池魚之禍,ちぎょのわざわい
池魚故淵,ちぎょこえん
鳥尽弓蔵,ちょうじんきゅうぞう
鳥語花香,ちょうごかこう
長頸烏喙,ちょうけいうかい
池魚籠鳥,ちぎょろうちょう
竹馬之友,ちくばのとも
中臂鼠肝,ちゅうひそかん
知行合一,ちこうごういつ
沈黙寡言,ちんもくかげん
珍味佳肴,ちんみかこう
昼夜兼行,ちゅうやけんこう
中肉中背,ちゅうにくちゅうぜい
中途半端,ちゅうとはんぱ
知勇兼備,ちゆうけんび
魑魅魍魎,ちみもうりょう
遅疑逡巡,ちぎしゅんじゅん
張三李四,ちょうさんりし
長者三代,ちょうじゃさんだい
長身痩躯,ちょうしんそうく
丁丁発止,ちょうちょうはっし
朝朝暮暮,ちょうちょうぼぼ
長汀曲浦,ちょうていきょくほ
跳梁跋扈,ちょうりょうばっこ
直情径行,ちょくじょうけいこう
直立不動,ちょくりつふどう
猪突猛進,ちょとつもうしん
朝令暮改,ちょうれいぼかい
朝三暮四,ちょうさんぼし
沈着冷静,ちんちゃくれいせい
津津浦浦,つつうらうら
九十九折,つづらおり
通儒碩学,つうじゅせきがく
通暁暢達,つうぎょうちょうたつ
追奔逐北,ついほんちくほく
墜茵落溷,ついいんらくこん
痛快無比,つうかいむひ
天罰覿面,てんばつてきめん
天理人欲,てんりじんよく
天門登八,てんもんとうはち
天門開闔,てんもんかいこう
天網之漏,てんもうのろう
転迷開悟,てんめいかいご
典謨訓誥,てんぼくんこう
顛撲不破,てんぼくふは
天保九如,てんぽうきゅうじょ
田夫野老,でんぷやろう
天覆地載,てんぷうちさい
天馬行空,てんばこうくう
顛沛流浪,てんぱいるろう
天之暦数,てんのれきすう
天之美禄,てんのびろく
天人五衰,てんにんのごすい
天地四時,てんちしいじ
天地玄黄,てんちげんこう
天地開闢,てんちかいびゃく
天地一指,てんちいっし
恬淡寡欲,てんたんかよく
椽大之筆,てんだいのふで
霑体塗足,てんたいとそく
天孫降臨,てんそんこうりん
天造草昧,てんぞうそうまい
点睛開眼,てんせいかいがん
天人冥合,てんじんめいごう
天神地祇,てんしんちぎ
転生輪廻,てんしょうりんね
天壌無窮,てんじょうむきゅう
天井桟敷,てんじょうさじき
天日之表,てんじつのひょう
天姿国色,てんしこくしょく
電光雷轟,でんこうらいごう
天潢之派,てんこうのは
電光朝露,でんこうちょうろ
天香国色,てんこうこくしょく
電光影裏,でんこうえいり
天香桂花,てんこうけいか
甜言蜜語,てんげんみつご
天懸地隔,てんけんちかく
伝観播弄,でんかんはろう
天顔咫尺,てんがんしせき
天花乱墜,てんからんつい
伝家宝刀,でんかのほうとう
天涯比隣,てんがいひりん
天涯地角,てんがいちかく
天淵氷炭,てんえんひょうたん
天淵之差,てんえんのさ
田園将蕪,でんえんしょうぶ
顛越不恭,てんえつふきょう
天宇地廬,てんうちろ
顛委勢峻,てんいせいしゅん
天威咫尺,てんいしせき
轍乱旗靡 ,てつらんきび
鉄網珊瑚,てつもうさんご
轍鮒之急,てっぷのきゅう
哲婦傾城,てっぷけいせい
跌蕩放言,てっとうほうげん
鉄腸石心,てっちょうせきしん
鉄中錚錚,てっちゅうのそうそう
鉄樹開花,てつじゅかいか
適楚北轅,てきそほくえん
滴水嫡凍,てきすいてきとう
滴水成氷,てきすいせいひょう
擿埴冥行,てきしょくめいこう
剃頭辮髪,ていとうべんぱつ
泥首銜玉,でいしゅかんぎょく
泥車瓦狗,でいしゃがこう
綈袍恋恋,ていほうれんれん
剃髪落飾,ていはつらくしょく
低頭傾首,ていとうけいしゅ
鼎鐺玉石,ていとうぎょくせき
廷諍面折,ていそうめんせつ
泥船渡河,でいせんとか
定省温凊,ていせいおんせい
鼎新革故,ていしんかくこ
低唱微吟,ていしょうびぎん
低唱浅斟,ていしょうせんしん
提耳面命,ていじめんめい
渟膏湛碧,ていこうたんぺき
程孔傾蓋,ていこうけいがい
棣鄂之情,ていがくのじょう
低徊趣味,ていかいしゅみ
低回顧望,ていかいこぼう
鄭衛之音,ていえいのおん
鄭衛桑間,ていえいそうかん
殢雨尤雲,ていうゆううん
擲身報国,てきしんほうこく
梯山航海,ていざんこうかい
擲果満車,てきかまんしゃ
羝羊触藩,ていようしょくはん
天下無敵,てんかむてき
天佑神助,てんゆうしんじょ
天地神明,てんちしんめい
丁稚奉公,でっちぼうこう
鉄心石腸,てっしんせきちょう
敵本主義,てきほんしゅぎ
敵前逃亡,てきぜんとうぼう
適者生存,てきしゃせいぞん
手枷足枷,てかせあしかせ
亭主関白,ていしゅかんぱく
手前勝手,てまえがって
手前味噌,てまえみそ
手練手管,てれんてくだ
天涯孤独,てんがいこどく
天下一品,てんかいっぴん
天下国家,てんかこっか
天下御免,てんかごめん
天下泰平,てんかたいへい
天下万民,てんかばんみん
天下無双,てんかむそう
天空海闊,てんくうかいかつ
天災地変,てんさいちへん
天真爛漫,てんしんらんまん
天地無用,てんちむよう
天長地久,てんちょうちきゅう
点滴穿石,てんてきせんせき
輾転反側,てんてんはんそく
天然自然,てんねんしぜん
田夫野人,でんぷやじん
天歩艱難,てんぽかんなん
天網恢恢,てんもうかいかい
天衣無縫,てんいむほう
徹頭徹尾,てっとうてつび
天変地異,てんぺんちい
適材適所,てきざいてきしょ
電光石火,でんこうせっか
得意満面,とくいまんめん
呑吐不下,どんとふげ
敦篤虛靜,とんとくきょせい
呑刀刮腸,どんとうかっちょう
豚蹄穣田,とんていじょうでん
呑炭漆身,どんたんしっしん
頓首再拝,とんしゅさいはい
敦煌五竜,とんこうごりょう
呑花臥酒,どんかがしゅ
呑雲吐霧,どんうんとむ
屠竜之技,とりょうのぎ
斗量帚掃,とりょうそうそう
塗抹詩書,とまつししょ
吐哺捉髪,とほそくはつ
土木壮麗,どぼくそうれい
土木形骸,どぼくけいがい
途方途轍,とほうとてつ
得意忘形,とくいぼうけい
東西古今,とうざいここん
吐哺握髪,とほあくはつ
図南鵬翼,となんのほうよく
斗南一人,となんのいちにん
屠毒筆墨,とどくのひつぼく
咄咄怪事,とつとつかいじ
突怒偃蹇,とつどえんけん
咄嗟叱咤,とっさしった
訥言敏行,とつげんびんこう
弩張剣抜,どちょうけんばつ
斗粟尺布,とぞくしゃくふ
兎走烏飛,とそううひ
斗筲之人,としょうのひと
斗酒百篇,としゅひゃっぺん
斗酒隻鶏,としゅせきけい
菟糸燕麦,としえんばく
吐故納新,とこのうしん
斗斛之禄,とこくのろく
土豪劣紳,どごうれっしん
得隴望蜀,とくろうぼうしょく
徳量寛大,とくりょうかんだい
独立不撓,どくりつふとう
徳性滋養,とくせいじよう
読書尚友,どくしょしょうゆう
読書三余,どくしょさんよ
徳高望重,とくこうぼうじゅう
独弦哀歌,どくげんあいか
跿跔科頭,とくかとう
独学孤陋,どくがくころう
得意忘言,とくいぼうげん
蠹居棊処,ときょきしょ
吐気揚眉,ときようび
兔起鳧挙,ときふきょ
兎葵燕麦,ときえんばく
兎角亀毛,とかくきもう
土階茅茨,どかいぼうし
土階三等,どかいさんとう
螳螂之斧,とうろうのおの
蟷螂之衛,とうろうのえい
等量斉視,とうりょうせいし
桃李満門,とうりまんもん
桃李成蹊,とうりせいけい
桐葉知秋,どうようちしゅう
瞠目結舌,どうもくけつぜつ
橦末之伎,とうまつのぎ
稲麻竹葦,とうまちくい
道傍苦李,どうぼうのくり
同袍同沢,どうほうとうたく
豆剖瓜分,とうぼうかぶん
洞房花燭,どうぼうかしょく
同文同軌,どうぶんどうき
同病相憐,どうびょうそうれん
螳臂当車,とうひとうしゃ
頭髪上指,とうはつじょうし
投桃報李,とうとうほうり
党同伐異,とうどうばつい
堂堂之陣,どうどうのじん
銅頭鉄額,どうとうてつがく
頭童歯豁,とうどうしかつ
堂塔伽藍,どうとうがらん
洞庭春色,どうていしゅんしょく
湯池鉄城,とうちてつじょう
銅駝荊棘,どうだけいきょく
陶潜帰去,とうせんききょ
冬扇夏鑪,とうせんかろ
蹈節死義,とうせつしぎ
動静云為,どうせいうんい
同声異俗,どうせいいぞく
同心戮力,どうしんりくりょく
同仁一視,どうじんいっし
桃傷李仆,とうしょうりふ
銅牆鉄壁,どうしょうてっぺき
蹈常襲故,とうじょうしゅうこ
冬日之温,とうじつのおん
道之以徳,どうしいとく
桃三李四,とうさんりし
刀山剣樹,とうざんけんじゅ
倒載干戈,とうさいかんか
党錮之禍,とうこのわざわい
桃弧棘矢,とうこきょくし
桃紅柳緑,とうこうりゅうりょく
韜光晦迹,とうこうまいせき
東行西走,とうこうせいそう
灯紅酒緑,とうこうしゅりょく
刀光剣影,とうこうけんえい
倒行逆施,とうこうぎゃくし
騰蛟起鳳,とうこうきほう
刀耕火種,とうこうかしゅ
韜光晦迹,とうこうかいせき
倒懸之急,とうけんのきゅう
洞見癥結,どうけんちょうけつ
同衾共枕,どうきんきょうちん
当機立断,とうきりつだん
刀鋸鼎鑊,とうきょていかく
道揆法守,どうきほうしゅ
同軌同文,どうきどうぶん
同気相求,どうきそうきゅう
同帰殊塗,どうきしゅと
東窺西望,とうきせいぼう
恫疑虚喝,どうぎきょかつ
堂下周屋,どうかのしゅうおく
桃花癸水,とうかきすい
灯火可親,とうかかしん
凍解氷釈,とうかいひょうしゃく
冬溫夏凊,とうおんかせい
桃園結義,とうえんけつぎ
蕩佚簡易,とういつかんい
駑馬十駕,どばじゅうが
冬夏青青,とうかせいせい
豚魚之信,とんぎょのしん
得魚忘筌,とくぎょぼうせん
呑波之魚,どんぱのうお
呑舟之魚,どんしゅうのうお
土崩魚爛,どほうぎょらん
斗折蛇行,とせつだこう
呑牛之気,どんぎゅうのき
兎起鶻落,ときこつらく
屠羊之肆,とようのし
屠所之羊,としょのひつじ
読書亡羊,どくしょぼうよう
董狐之筆,とうこのふで
豚児犬子,とんじけんし
兎死狗烹,としくほう
独立不羈,どくりつふき
読書三到,どくしょさんとう
杜黙詩撰,ともくしさん
土崩瓦解,どほうがかい
怒髪衝天,どはつしょうてん
徒手空拳,としゅくうけん
独立自尊,どくりつじそん
当意即妙,とういそくみょう
陶犬瓦鶏,とうけんがけい
道聴塗説,どうちょうとせつ
党利党略,とうりとうりゃく
時世時節,ときよじせつ
読書三昧,どくしょざんまい
読書百遍,どくしょひゃっぺん
特筆大書,とくひつたいしょ
同床異夢,どうしょういむ
東奔西走,とうほんせいそう
同工異曲,どうこういきょく
独立独歩,どくりつどっぽ
独断専行,どくだんせんこう
南船北馬,なんせんほくば
南蛮北狄,なんばんほくてき
南蛮鴃舌,なんばんげきぜつ
難中之難,なんちゅうのなん
南征北伐,なんせいほくばつ
南山不落,なんざんふらく
南山之寿,なんざんのじゅ
南山捷径,なんざんしょうけい
輭紅塵中,なんこうじんちゅう
南橘北枳,なんきつほくき
南郭濫吹,なんかくらんすい
南轅北轍,なんえんほくてつ
内疎外親,ないそがいしん
内清外濁,ないせいがいだく
内柔外剛,ないじゅうがいごう
内剛外柔,ないごうがいじゅう
南洽北暢,なんこうほくちょう
難行苦行,なんぎょうくぎょう
仲間意識,なかまいしき
南蛮渡来,なんばんとらい
南都北嶺,なんとほくれい
難攻不落,なんこうふらく
南無三宝,なむさんぼう
内憂外患,ないゆうがいかん
内政干渉,ないせいかんしょう
二束三文,にそくさんもん
忍気呑声,にんきどんせい
如法暗夜,にょほうあんや
女人禁制,にょにんきんせい
如是我聞,にょぜがもん
入木三分,にゅうぼくさんぶ
入境問禁,にゅうきょうもんきん
日昃之労,にっしょくのろう
日居月諸,にっきょげっしょ
日陵月替,にちりょうげったい
日常坐臥,にちじょうざが
二姓之好,にせいのこう
肉袒負荊,にくたんふけい
肉食妻帯,にくじきさいたい
肉山脯林,にくざんほりん
二河白道,にがびゃくどう
人三化七,にんさんばけしち
肉袒牽羊,にくたんけんよう
二律背反,にりつはいはん
二転三転,にてんさんてん
刃傷沙汰,にんじょうざた
二枚看板 ,にまいかんばん
二人三脚,ににんさんきゃく
日常茶飯,にちじょうさはん
日進月歩,にっしんげっぽ
二者択一,にしゃたくいつ
盗人根性,ぬすびとこんじょう
念仏三昧,ねんぶつざんまい
燃眉之急,ねんびのきゅう
燃犀之明,ねんさいのめい
年災月殃,ねんさいげつおう
拈華微笑,ねんげみしょう
涅槃寂静,ねはんじゃくじょう
熱願冷諦,ねつがんれいてい
年百年中,ねんびゃくねんじゅう
年年歳歳,ねんねんさいさい
年功序列,ねんこうじょれつ
喉元思案,のどもとじあん
能鷹隠爪,のうよういんそう
嚢中之錐,のうちゅうのきり
嚢沙之計,のうしゃのけい
半死半生,はんしはんしょう
万古千秋,ばんこせんしゅう
繁劇紛擾,はんげきふんじょう
攀竜附驥,はんりょうふき
万里鵬翼,ばんりほうよく
万里鵬程,ばんりほうてい
万里之望,ばんりののぞみ
万里同風,ばんりどうふう
汎濫停蓄,はんらんていちく
万目睚眥,ばんもくがいさい
半面之識,はんめんのしき
反哺之羞,はんぽのしゅう
繁文縟礼,はんぶんじょくれい
万夫之望,ばんぷののぞみ
万物逆旅,ばんぶつのげきりょ
万物斉同,ばんぶつせいどう
万物殷富,ばんぶついんぷ
万物一馬,ばんぶついちば
帆腹飽満,はんぷくほうまん
万万千千,ばんばんせんせん
万能一心,ばんのういっしん
班田収授,はんでんしゅうじゅ
半知半解,はんちはんかい
万代不易,ばんだいふえき
万全之策,ばんぜんのさく
版籍奉還,はんせきほうかん
万世不刊,ばんせいふかん
万世不易,ばんせいふえき
万世一系,ばんせいいっけい
万水千山,ばんすいせんざん
万杵千砧,ばんしょせんちん
班女辞輦,はんじょじれん
伴食大臣,ばんしょくだいじん
万乗之君,ばんじょうのきみ
万寿無疆,ばんじゅむきょう
反首抜舎,はんしゅばっしゃ
盤石之固,ばんじゃくのかため
万古不易,ばんこふえき
万古長青,ばんこちょうせい
煩言砕辞,はんげんさいじ
繁絃急管,はんげんきゅうかん
万頃瑠璃,ばんけいるり
班荊道故,はんけいどうこ
反逆縁坐,はんぎゃくえんざ
半饑半渇,はんきはんかつ
反間苦肉,はんかんくにく
攀轅臥轍,はんえんがてつ
斑衣之戯,はんいのたわむれ
蛮夷戎狄,ばんいじゅうてき
氾愛兼利,はんあいけんり
馬良白眉,ばりょうはくび
跛立箕坐 ,はりゅうきざ
罵詈讒謗,ばりざんぼう
波瀾曲折,はらんきょくせつ
爬羅剔抉,はらてきけつ
破釜沈船,はふちんせん
波濤万里,はとうばんり
破天荒解,はてんこうかい
撥乱反正,はつらんはんせい
抜来報往,ばつらいほうおう
発揚蹈厲,はつようとうれい
抜本塞源,ばっぽんそくげん
発憤興起,はっぷんこうき
発憤忘食,はっぷんぼうしょく
伐氷之家,ばっぴょうのいえ
伐性之斧,ばっせいのおの
発人深省,はつじんしんせい
発縦指示,はっしょうしじ
八索九丘,はっさくきゅうきゅう
跋扈跳梁,ばっこちょうりょう
白黒分明,はっこくぶんめい
八紘一宇,はっこういちう
抜苦与楽,ばっくよらく
白駒空谷,はっくくうこく
撥雲見日,はつうんけんじつ
馬遅枚速,ばちばいそく
八元八凱,はちげんはちがい
破竹之勢,はちくのいきおい
破邪顕正,はじゃけんしょう
馬歯徒増,ばしとぞう
馬氏五常,ばしごじょう
白竜白雲,はくりょうはくうん
薄利多売,はくりたばい
伯楽一顧,はくらくのいっこ
伯兪泣杖,はくゆきゅうじょう
白面書生,はくめんのしょせい
薄暮冥冥,はくぼめいめい
白璧微瑕,はくへきのびか
白璧断獄,はくへきだんごく
博文約礼,はくぶんやくれい
博聞彊識,はくぶんきょうしき
薄物細故,はくぶつさいこ
白眉最良,はくびさいりょう
白板天子,はくはんのてんし
白馬非馬,はくばひば
白髪青袗,はくはつせいしん
漠漠濛濛,ばくばくもうもう
白荼赤火,はくとせきか
白兎赤烏,はくとせきう
幕天席地,ばくてんせきち
伯仲之間,はくちゅうのかん
伯仲叔季,はくちゅうしゅくき
百代過客,はくたいのかかく
麦穂両岐,ばくすいりょうき
白水真人,はくすいしんじん
白首窮経,はくしゅきゅうけい
麦秀之歌,ばくしゅうのうた
麦秀黍離,ばくしゅうしょり
白日青天,はくじつせいてん
博施済衆,はくしさいしゅう
博識洽聞,はくしきこうぶん
白虹貫日,はくこうかんじつ
白玉楼中,はくぎょくろうちゅう
白玉微瑕,はくぎょくのびか
璞玉渾金,はくぎょくこんきん
莫逆之交,ばくぎゃくのまじわり
白眼青眼,はくがんせいがん
伯牙絶弦,はくがぜつげん
博学篤志,はくがくとくし
博学審問, はくがくしんもん
白屋之士,はくおくのし
白雲孤飛,はくうんこひ
白衣三公,はくいさんこう
白衣宰相,はくいのさいしょう
白衣蒼狗,はくいそうく
伯夷叔斉,はくいしゅくせい
灞橋驢上,はきょうろじょう
破鏡重円,はきょうじゅうえん
波及効果,はきゅうこうか
波詭雲譎,はきうんけつ
馬鹿果報,ばかかほう
馬鹿慇懃,ばかいんぎん
破戒無慙,はかいむざん
覇王之輔,はおうのほ
敗柳残花,はいりゅうざんか
廃仏毀釈,はいぶつきしゃく
悖徳没倫,はいとくぼつりん
買櫝還珠,ばいとくかんしゅ
杯中蛇影,はいちゅうのだえい
背水之陣,はいすいのじん
杯水車薪,はいすいしゃしん
廃寝忘食,はいしんぼうしょく
背信棄義,はいしんきぎ
悖入悖出,はいにゅうはいしゅつ
杯酒解怨,はいしゅかいえん
倍日幷行,ばいじつへいこう
吠日之怪,はいじつのあやしみ
買妻恥醮,ばいさいちしょう
梅妻鶴子,ばいさいかくし
杯賢杓聖,はいけんしゃくせい
敗軍之将,はいぐんのしょう
稗官野史,はいかんやし
吠影吠声,はいえいはいせい
佩韋佩弦,はいいはいげん
悖出悖入,はいしゅつはいにゅう
万里一空,ばんりいっくう
跛鼈千里,はべつ,も
白日昇天,はくじつしょうてん
白竜魚服,はくりょうぎょふく
攀竜附鳳,はんりょうふほう
万馬奔騰,ばんばほんとう
馬牛襟裾,ばぎゅうきんきょ
売剣買牛,ばいけんばいぎゅう
杯盤狼藉,はいばんろうぜき
博聞強記,はくぶんきょうき
万緑一紅,ばんりょくいっこう
反面教師,はんめんきょうし
万夫不当,ばんぷふとう
半農半漁,はんのうはんぎょ
半醒半睡,はんせいはんすい
伴食宰相,ばんしょくさいしょう
万死一生,ばんしいっせい
盤根錯節,ばんこんさくせつ
万国共通,ばんこくきょうつう
半官半民,はんかんはんみん
罵詈雑言,ばりぞうごん
跋山渉水,ばつざんしょうすい
抜山蓋世,ばつざんがいせい
八面六臂,はちめんろっぴ
八面玲瓏,はちめんれいろう
破綻百出,はたんひゃくしゅつ
拍手喝采,はくしゅかっさい
白紙撤回,はくしてっかい
薄志弱行,はくしじゃっこう
白紙委任,はくしいにん
白砂青松,はくしゃせいしょう
博学多才,はくがくたさい
博引旁証,はくいんぼうしょう
馬鹿丁寧,ばかていねい
馬鹿正直,ばかしょうじき
博覧強記,はくらんきょうき
破顔一笑,はがんいっしょう
半信半疑,はんしんはんぎ
波乱万丈,波瀾万丈
八方美人,はっぽうびじん
馬耳東風,ばじとうふう
百発百中,ひゃっぱつひゃくちゅう
牝牡驪黄,ひんぼりこう
貧富貴賤,ひんぷきせん
貧者一灯,ひんじゃのいっとう
牝鶏之晨,ひんけいのしん
飛竜乗雲,ひりょうじょううん
皮裏陽秋,ひりのようしゅう
摽末之功,ひょうまつのこう
百挙百捷,ひゃっきょひゃくしょう
飛揚跋扈,ひようばっこ
病入膏肓,びょうにゅうこうこう
漂蕩奔逸,ひょうとうほんいつ
廟堂之器,びょうどうのき
氷炭相愛,ひょうたんそうあい
豹死留皮,ひょうしりゅうひ
氷消瓦解,ひょうしょうがかい
剽疾軽悍,ひょうしつけいかん
氷姿雪魄,ひょうしせっぱく
百家争鳴,ひゃっかそうめい
飄忽震蕩,ひょうこつしんとう
氷肌玉骨,ひょうきぎょっこつ
氷甌雪椀,ひょうおうせつわん
謬悠之説,びゅうゆうのせつ
百歩穿楊,ひゃっぽせんよう
百古不磨,ひゃっこふま
百孔千瘡,ひゃっこうせんそう
百下百全,ひゃっかひゃくぜん
百花斉放,ひゃっかせいほう
百伶百利,ひゃくれいひゃくり
百里之命,ひゃくりのめい
百様玲瓏,ひゃくようれいろう
百味飲食,ひゃくみのおんじき
百福荘厳,ひゃくふくしょうごん
百八煩悩,ひゃくはちぼんのう
百年之柄,ひゃくねんのへい
百年之業,ひゃくねんのぎょう
百二山河,ひゃくにのさんが
百鍛千練,ひゃくたんせんれん
百代過客,ひゃくだいのかかく
百戦百勝,ひゃくせんひゃくしょう
百川帰海,ひゃくせんきかい
百世不磨,ひゃくせいふま
百世之利,ひゃくせいのり
百世之師,ひゃくせいのし
百縦千随,ひゃくしょうせんずい
百姓一揆,ひゃくしょういっき
百舎重趼,ひゃくしゃちょうけん
百載無窮,ひゃくさいむきゅう
百依百順,ひゃくいひゃくじゅん
眉目清秀,びもくせいしゅう
皮膚之見,ひふのけん
微妙玄通,びみょうげんつう
被髪佯狂,ひはつようきょう
被髪文身,ひはつぶんしん
被髪左衽,ひはつさじん
被髪纓冠,ひはつえいかん
肥馬軽裘,ひばけいきゅう
髀肉之嘆,ひにくのたん
肥肉厚酒,ひにくこうしゅ
篳路藍縷,ひつろらんる
筆力扛鼎,ひつりょくこうてい
匹夫匹婦,ひっぷひっぷ
匹夫之勇,ひっぷのゆう
筆削褒貶,ひっさくほうへん
筆耕硯田,ひっこうけんでん
尾大不掉,びだいふとう
肥大蕃息,ひだいはんそく
悲壮淋漓,ひそうりんり
匪石之心,ひせきのこころ
尾生之信,びせいのしん
美人薄命,びじんはくめい
飛絮漂花,ひじょひょうか
悲傷憔悴,ひしょうしょうすい
美須豪眉,びしゅごうび
微言大義,びげんたいぎ
被堅執鋭,ひけんしつえい
匪躬之節,ひきゅうのせつ
卑躬屈節,ひきゅうくっせつ
媚眼秋波,びがんしゅうは
眉間一尺,びかんいっしゃく
被褐懐玉,ひかつかいぎょく
被害妄想,ひがいもうそう
靡衣婾食,びいとうしょく
美意延年,びいえんねん
百薬之長,ひゃくやくのちょう
百錬成鋼,ひゃくれんせいこう
披星戴月,ひせいたいげつ
披荊斬棘,ひけいざんきょく
飛兎竜文,ひとりょうぶん
猫鼠同眠,びょうそどうみん
描虎類狗,びょうこるいく
飛鷹走狗,ひようそうく
比翼連理,ひよくれんり
百戦錬磨,ひゃくせんれんま
百人百様,ひゃくにんひゃくよう
美酒佳肴,びしゅかこう
美衣美食,びいびしょく
品行方正,ひんこうほうせい
疲労困憊,ひろうこんぱい
表裏一体,ひょうりいったい
百鬼夜行,ひゃっきやこう
百花繚乱,ひゃっかりょうらん
百年河清,ひゃくねんかせい
百折不撓,ひゃくせつふとう
百尺竿頭,ひゃくせきかんとう
眉目秀麗,びもくしゅうれい
誹謗中傷,ひぼうちゅうしょう
悲憤慷慨,ひふんこうがい
非難囂囂,ひなんごうごう
一人相撲,ひとりずもう
皮相浅薄,ひそうせんぱく
美辞麗句,びじれいく
飛耳長目,ひじちょうもく
比肩随踵,ひけんずいしょう
悲喜交交,ひきこもごも
飛花落葉,ひからくよう
悲歌慷慨,ひかこうがい
付和雷同,ふわらいどう
分憂之寄,ぶんゆうのき
墳墓之地,ふんぼのち
分崩離析,ぶんぽうりせき
蚊虻之労,ぶんぼうのろう
蚊虻走牛,ぶんぼうそうぎゅう
聞風喪胆,ぶんぷうそうたん
文武一途,ぶんぶいっと
粉白黛墨,ふんぱくたいぼく
文恬武嬉,ぶんてんぶき
文人墨客,ぶんじんぼっかく
焚書坑儒,ふんしょこうじゅ
粉飾決算,ふんしょくけっさん
文章絶唱,ぶんしょうのぜっしょう
粉粧玉琢,ふんしょうぎょくたく
文従字順,ぶんじゅうじじゅう
粉愁香怨,ふんしゅうこうえん
文質彬彬,ぶんしつひんぴん
蚊子咬牛,ぶんしこうぎゅう
分合集散,ぶんごうしゅうさん
文芸復興,ぶんげいふっこう
刎頸之交,ふんけいのまじわり
武陵桃源,ぶりょうとうげん
夫里之布,ふりのふ
不埒千万,ふらちせんばん
蜉蝣一期,ふゆうのいちご
不毛之地,ふもうのち
榑木之地,ふぼくのち
普遍妥当,ふへんだとう
布韈青鞋 ,ふべつせいあい
舞文弄法,ぶぶんろうほう
不抜之志,ふばつのこころざし
不買美田,ふばいびでん
腐敗堕落,ふはいだらく
敷天之下,ふてんのもと
普天率土,ふてんそつど
釜底抽薪,ふていちゅうしん
物論囂囂,ぶつろんごうごう
仏足石歌,ぶっそくせきか
物議騒然,ぶつぎそうぜん
物換星移,ぶっかんせいい
不知案内,ふちあんない
二股膏薬,ふたまたこうやく
浮石沈木,ふせきちんぼく
附贅懸疣,ふぜいけんゆう
負薪之病,ふしんのへい
負薪之憂,ふしんのうれい
負薪汲水,ふしんきゅうすい
不将不迎,ふしょうふげい
膚受之愬,ふじゅのうったえ
俛首帖耳,ふしゅちょうじ
附耳之言,ふじのげん
不失正鵠,ふしつせいこく
父子相伝,ふしそうでん
巫山之夢,ふざんのゆめ
巫山雲雨,ふざんうんう
俯察仰観,ふさつぎょうかん
夫妻牉合,ふさいはんごう
富国強兵,ふこくきょうへい
不耕不織,ふこうふしょく
不言之教,ふげんのおしえ
不繋之舟,ふけいのふね
腹誹之法,ふくひのほう
不虞之誉,ふぐのほまれ
覆水不返,ふくすいふへん
覆車之戒,ふくしゃのいましめ
伏寇在側,ふくこうざいそく
覆雨翻雲,ふくうほんうん
俯仰之間,ふぎょうのかん
不羈奔放,ふきほんぽう
不羈之才,ふきのさい
不刊之書,ふかんのしょ
浮花浪蕊,ふかろうずい
浮家泛宅,ふかはんたく
夫家之征,ふかのせい
浮瓜沈李,ふかちんり
不解衣帯,ふかいいたい
不壊金剛,ふえこんごう
浮雲之志,ふうんのこころざし
浮雲朝露,ふうんちょうろ
巫雲蜀雨,ふうんしょくう
浮雲驚竜,ふうんきょうりょう
浮雲翳日,ふうんえいじつ
風流韻事,ふうりゅういんじ
風木之悲,ふうぼくのかなしみ
風俗壊乱,ふうぞくかいらん
風霜之任,ふうそうのにん
風霜高潔,ふうそうこうけつ
風樹之歎,ふうじゅのたん
風餐露宿,ふうさんろしゅく
風餐雨臥,ふうさんうが
風月玄度,ふうげつげんたく
富貴利達,ふうきりたつ
富貴福沢,ふうきふくたく
富貴浮雲,ふうきふうん
風紀紊乱,ふうきびんらん
富貴在天,ふうきざいてん
富貴栄華,ふうきえいが
風岸孤峭,ふうがんこしょう
風鬟雨鬢,ふうかんうびん
風雲月露,ふううんげつろ
風雨対牀,ふううたいしょう
風雨凄凄,ふううせいせい
馮異大樹,ふういたいじゅ
布衣之交,ふいのまじわり
布衣之極,ふいのきょく
奮闘努力,ふんとうどりょく
不断節季,ふだんせっき
風櫛雨沐,ふうしつうもく
釜底游魚,ふていのゆうぎょ
釜中之魚,ふちゅうのうお
釜魚甑塵,ふぎょそうじん
風魚之災,ふうぎょのわざわい
焚琴煮鶴,ふんきんしゃかく
鳧趨雀躍,ふすうじゃくやく
不易流行,ふえきりゅうこう
奮励努力,ふんれいどりょく
文明開化,ぶんめいかいか
文武両道,ぶんぶりょうどう
無礼千万,ぶれいせんばん
不立文字,ふりゅうもんじ
不偏不党,ふへんふとう
舞文曲筆,ぶぶんきょくひつ
不得要領,ふとくようりょう
不撓不屈,ふとうふくつ
物心両面,ぶっしんりょうめん
物情騒然,ぶつじょうそうぜん
夫唱婦随,ふしょうふずい
不承不承,ふしょうぶしょう
不惜身命,ふしゃくしんみょう
無事息災,ぶじそくさい
不言不語,ふげんふご
伏竜鳳雛,ふくりょうほうすう
福徳円満,ふくとくえんまん
不倶戴天,ふぐたいてん
複雑多岐,ふくざつたき
複雑怪奇,ふくざつかいき
不協和音,ふきょうわおん
不朽不滅,ふきゅうふめつ
不可思議,ふかしぎ
不可抗力,ふかこうりょく
武運長久,ぶうんちょうきゅう
風林火山,ふうりんかざん
風流三昧,ふうりゅうざんまい
風声鶴唳,ふうせいかくれい
風光明媚,ふうこうめいび
不老長寿,ふろうちょうじゅ
不眠不休,ふみんふきゅう
不即不離,ふそくふり
粉骨砕身,ふんこつさいしん
不老不死,ふろうふし
不平不満,ふへいふまん
不言実行,ふげんじっこう
平穏無事,へいおんぶじ
片利共生,へんりきょうせい
駢拇枝指,べんぼしし
変法自強,へんぽうじきょう
偏旁冠脚,へんぼうかんきゃく
偏僻蔽固,へんぺきへいこ
鞭辟近裏,べんぺききんり
辺幅修飾,へんぷくしゅうしょく
胼胝之労,へんちのろう
辺地粟散,へんちぞくさん
偏袒扼腕,へんたんやくわん
鞭声粛粛,べんせいしゅくしゅく
駢四儷六,べんしれいろく
弁才無礙,べんざいむげ
片言隻句,へんげんせきく
片簡零墨,へんかんれいぼく
卞和泣璧,べんかきゅうへき
別有天地,べつゆうてんち
霹靂一声,へきれきいっせい
壁立千仞,へきりつせんじん
汨羅之鬼,べきらのき
碧落一洗,へきらくいっせん
碧眼紅毛,へきがんこうもう
霹靂閃電,へきれきせんでん
閉明塞聡,へいめいそくそう
平伏膝行,へいふくしっこう
兵者凶器,へいはきょうき
瓶墜簪折,へいついしんせつ
兵車之会,へいしゃのかい
弊帚千金,へいそうせんきん
米泉之精,べいせんのせい
萍水相逢,へいすいそうほう
秉燭夜遊,へいしょくやゆう
平沙落雁,へいさらくがん
平沙万里,へいさばんり
閉口頓首,へいこうとんしゅ
閉月羞花,へいげつしゅうか
平気虚心,へいききょしん
兵戈槍攘,へいかそうじょう
並駕斉駆,へいがせいく
並駆斉駕,へいくせいが
米塩博弁,べいえんはくべん
敝衣蓬髪,へいいほうはつ
弊衣破帽,へいいはぼう
碧血丹心,へきけつたんしん
変態百出,へんたいひゃくしゅつ
兵馬倥偬,へいばこうそう
片言隻語,へんげんせきご
変幻自在,へんげんじざい
平平凡凡,へいへいぼんぼん
平談俗語,へいだんぞくご
平身低頭,へいしんていとう
抱腹絶倒,ほうふくぜっとう
本領安堵,ほんりょうあんど
本来面目,ほんらいのめんもく
奔放不羈,ほんぽうふき
煩悩菩提,ぼんのうぼだい
奔南狩北,ほんなんしゅほく
本地垂迹,ほんちすいじゃく
凡聖一如,ぼんしょういちにょ
翻雲覆雨,ほんうんふくう
奔逸絶塵,ほんいつぜつじん
賁育之勇,ほんいくのゆう
蒲柳之質,ほりゅうのしつ
匍匐膝行,ほふくしっこう
発菩提心,ほつぼだいしん
墨痕淋漓,ぼっこんりんり
法華三昧,ほっけざんまい
輔車脣歯,ほしゃしんし
墨名儒行,ぼくめいじゅこう
北斗七星,ほくとしちせい
北轍南轅,ほくてつなんえん
墨翟之守,ぼくてきのまもり
北窓三友,ほくそうのさんゆう
濮上之音,ぼくじょうのおん
墨守成規,ぼくしゅせいき
墨子悲糸,ぼくしひし
墨子薄葬,ぼくしはくそう
墨子泣糸,ぼくしきゅうしぼ
撲朔謎離,ぼくさくめいり
北轅適楚,ほくえんてきそ
保革伯仲,ほかくはくちゅう
暮雲春樹,ぼうんしゅんじゅ
暴戻恣雎,ぼうれいしき
方領矩歩,ほうりょうくほ
蓬莱弱水,ほうらいじゃくすい
鳳友鸞交,ほうゆうらんこう
蜂目豺声,ほうもくさいせい
泡沫夢幻,ほうまつむげん
蜂房水渦,ほうぼうすいか
放辟邪侈,ほうへきじゃし
望聞問切,ぼうぶんもんせつ
望文生義,ぼうぶんせいぎ
捧腹大笑,ほうふくたいしょう
捧腹絶倒,ほうふくぜっとう
尨眉皓髪,ぼうびこうはつ
豊年満作,ほうねんまんさく
法爾自然,ほうにじねん
茅堵蕭然,ぼうとしょうぜん
蓬頭乱髪,ほうとうらんぱつ
朋党比周,ほうとうひしゅう
放蕩三昧,ほうとうざんまい
蓬頭垢面,ほうとうこうめん
宝鈿玉釵,ほうでんぎょくさい
忙中有閑,ぼうちゅうゆうかん
抱柱之信,ほうちゅうのしん
放胆小心,ほうたんしょうしん
包蔵禍心,ほうぞうかしん
蜂準長目,ほうせつちょうもく
方正之士,ほうせいのし
方枘円鑿,ほうぜいえんさく
抱薪救火,ほうしんきゅうか
亡脣寒歯,ぼうしんかんし
望蜀之嘆,ぼうしょくのたん
飽食煖衣,ほうしょくだんい
飽食終日,ほうしょくしゅうじつ
旁時掣肘,ぼうじせいちゅう
方趾円顱,ほうしえんろ
放語漫言,ほうごまんげん
貌合心離,ぼうごうしんり
奉公守法,ほうこうしゅほう
暴言多罪,ぼうげんたざい
放言高論,ほうげんこうろん
飽経風霜,ほうけいふうそう
暴虐非道,ぼうぎゃくひどう
抱関撃柝,ほうかんげきたく
泛駕之馬,ほうがのうま
放歌高吟,ほうかこうぎん
法界悋気,ほうかいりんき
忘恩負義,ぼうおんふぎ
茅屋采椽,ぼうおくさいてん
鳳凰来儀,ほうおうらいぎ
鳳凰在笯,ほうおうざいど
鳳凰銜書,ほうおうがんしょ
鳳凰于飛,ほうおううひ
砲煙弾雨,ほうえんだんう
逢掖之衣,ほうえきのい
冒雨剪韭,ぼううせんきゅう
褒衣博帯,ほういはくたい
縫衣浅帯,ほういせんたい
輔車相依,ほしゃそうい
墨子兼愛,ぼくしけんあい
報本反始,ほうほんはんし
報恩謝徳,ほうおんしゃとく
報怨以徳,ほうえんいとく
望雲之情,ぼううんのじょう
封豕長蛇,ほうしちょうだ
亡羊補牢,ぼうようほろう
亡羊之嘆,ぼうようのたん
放虎帰山,ほうこきざん
母猿断腸,ぼえんだんちょう
判官贔屓,ほうがんびいき
本家本元,ほんけほんもと
暮色蒼然,ぼしょくそうぜん
放蕩不羈,ほうとうふき
放蕩無頼,ほうとうぶらい
鵬程万里,ほうていばんり
方底円蓋,ほうていえんがい
茫然自失,ぼうぜんじしつ
暴虎馮河,ぼうこひょうが
傍若無人,ぼうじゃくぶじん
暴飲暴食,ぼういんぼうしょく
本末転倒,ほんまつてんとう
満場一致,まんじょういっち
曼理皓歯,まんりこうし
満目蕭条,まんもくしょうじょう
満目荒涼,まんもくこうりょう
万劫末代,まんごうまつだい
満腔春意,まんこうしゅんい
磨礱砥礪,まろうしれい
末路窮途,まつろきゅうと
末法末世,まっぽうまっせ
麻中之蓬,まちゅうのよもぎ
麻姑掻痒,まこそうよう
磨励自彊,まれいじきょう
磨斧作針,まふさくしん
摩頂放踵,まちょうほうしょう
磨穿鉄硯,ませんてっけん
磨杵作針,ましょさくしん
満身創痍,まんしんそうい
漫言放語,まんげんほうご
真一文字,まいちもんじ
未来永劫,みらいえいごう
名聞利養,みょうもんりよう
妙法一乗,みょうほういちじょう
名詮自性,みょうせんじしょう
名字帯刀,みょうじたいとう
妙計奇策,みょうけいきさく
密雲不雨,みつうんふう
三日坊主,みっかぼうず
三日天下,みっかてんか
無理難題,むりなんだい
無量無辺,むりょうむへん
無理往生,むりおうじょう
無余涅槃,むよねはん
無用之用,むようのよう
無明長夜,むみょうじょうや
毋望之禍,むぼうのわざわい
無妄之福,むぼうのふく
無縫天衣,むほうてんい
無辺無礙,むへんむげ
霧鬢風鬟,むびんふうかん
無病呻吟,むびょうしんぎん
無茶苦茶,むちゃくちゃ
無恥厚顔,むちこうがん
無駄方便,むだほうべん
無声無臭,むせいむしゅう
無常迅速,むじょうじんそく
矛盾撞着,むじゅんどうちゃく
無根無蔕,むこんむてい
無辜之民,むこのたみ
無告之民,むこくのたみ
無限泡影,むげんほうよう
無間地獄,むけんじごく
無稽之談,むけいのだん
无何之郷,むかのきょう
無学文盲,むがくもんもう
無援孤立,むえんこりつ
無影無踪,むえいむそう
無為無能,むいむのう
無為自然,むいしぜん
無学無知,むがくむち
無理無体,むりむたい
無理算段,むりさんだん
無欲恬淡,むよくてんたん
無念無想,むねんむそう
無二無三,むにむさん
無手勝流,むてかつりゅう
無知蒙昧,むちもうまい
無私無偏,むしむへん
無罪放免,むざいほうめん
無芸大食,むげいたいしょく
無為無策,むいむさく
無位無官,むいむかん
無為徒食,むいとしょく
無味乾燥,むみかんそう
無病息災,むびょうそくさい
無我夢中,むがむちゅう
面目躍如,めんもくやくじょ
名論卓説,めいろんたくせつ
綿裏包針,めんりほうしん
面折廷諍,めんせつていそう
麪市塩車,めんしえんしゃ
面向不背,めんこうふはい
名存実亡,めいそんじつぼう
明窓浄几,めいそうじょうき
鳴蝉潔飢,めいせんけっき
命世之才,めいせいのさい
名声過実,めいせいかじつ
名声赫赫,めいせいかくかく
盟神探湯,めいしんたんとう
明珠暗投,めいしゅあんとう
迷者不問,めいしゃふもん
名実一体,めいじついったい
明察秋毫,めいさつしゅうごう
冥行擿埴,めいこうてきしょく
迷悟一如,めいごいちにょ
明月之珠,めいげつのたま
冥頑不霊,めいがんふれい
冥冥之志,めいめいのこころざし
銘肌鏤骨,めいきるこつ
面張牛皮,めんちょうぎゅうひ
明朗快活,めいろうかいかつ
名人気質,めいじんかたぎ
面目一新,めんもくいっしん
面壁九年,めんぺきくねん
面従腹背,めんじゅうふくはい
面従後言,めんじゅうこうげん
免許皆伝,めんきょかいでん
滅私奉公,めっしほうこう
迷惑千万,めいわくせんばん
明朗闊達,めいろうかったつ
名誉挽回,めいよばんかい
名誉毀損,めいよきそん
明明白白,めいめいはくはく
明眸皓歯,めいぼうこうし
明哲保身,めいてつほしん
名所旧跡,めいしょきゅうせき
明鏡止水,めいきょうしすい
門外不出,もんがいふしゅつ
問柳尋花,もんりゅうじんか
問答無益,もんどうむえき
問鼎軽重,もんていけいちょう
門前成市,もんぜんせいし
悶絶躄地,もんぜつびゃくじ
文殊知恵,もんじゅのちえ
門巷填隘,もんこうてんあい
両刃之剣,もろはのつるぎ
物我一体,もつがいったい
百舌勘定,もずかんじょう
沐浴抒溷,もくよくじょこん
沐浴斎戒,もくよくさいかい
目挑心招,もくちょうしんしょう
目指気使,もくしきし
妄評多罪,もうひょうたざい
孟仲叔季,もうちゅうしゅくき
妄想之縄,もうぞうのなわ
毛骨悚然,もうこつしょうぜん
妄言多謝,もうげんたしゃ
罔極之恩,もうきょくのおん
物臭道心,ものぐさどうしん
盲亀浮木,もうきふぼく
問牛知馬,もんぎゅうちば
猛虎伏草,もうこふくそう
孟母断機,もうぼだんき
問答無用,もんどうむよう
門前雀羅,もんぜんじゃくら
門戸開放,もんこかいほう
物見遊山,ものみゆさん
目食耳視,もくしょくじし
孟母三遷,もうぼさんせん
夜郎自大,やろうじだい
山雀利根,やまがらりこん
八咫之鏡,やたのかがみ
野戦攻城,やせんこうじょう
約法三章,やくほうさんしょう
薬石無効,やくせきむこう
冶金踊躍,やきんようやく
夜雨対牀,やうたいしょう
野心満満,やしんまんまん
優柔不断,ゆうじゅうふだん
遊戯三昧,ゆげざんまい
悠悠閑閑,ゆうゆうかんかん
優游涵泳,ゆうゆうかんえい
勇猛精進,ゆうもうしょうじん
優孟衣冠,ゆうもういかん
右文左武,ゆうぶんさぶ
有備無患,ゆうびむかん
雄大豪壮,ゆうだいごうそう
雄心勃勃,ゆうしんぼつぼつ
有終之美,ゆうしゅうのび
幽愁暗恨,ゆうしゅうあんこん
宥坐之器,ゆうざのき
有厚無厚,ゆうこうむこう
右賢左戚,ゆうけんさせき
有脚陽春,ゆうきゃくようしゅん
尤雲殢雨,ゆううんていう
游雲驚竜,ゆううんきょうりょう
黝堊丹漆,ゆうあくたんしつ
維摩一黙,ゆいまいちもく
踊躍歓喜,ゆやくかんぎ
邑犬群吠,ゆうけんぐんばい
友好関係,ゆうこうかんけい
勇気凛凛,ゆうきりんりん
勇猛果敢,ゆうもうかかん
有職故実,ゆうそくこじつ
融通無碍,ゆうずうむげ
雄材大略,ゆうざいたいりゃく
有言実行,ゆうげんじっこう
勇気百倍,ゆうきひゃくばい
有害無益,ゆうがいむえき
勇往邁進,ゆうおうまいしん
唯我独尊,ゆいがどくそん
唯一無二,ゆいいつむに
有名無実,ゆうめいむじつ
悠々自適,ゆうゆうじてき
油断大敵,ゆだんたいてき
優勝劣敗,ゆうしょうれっぱい
羊頭狗肉,ようとうくにく
抑揚頓挫,よくようとんざ
夜目遠目,よめとおめ
輿馬風馳,よばふうち
沃野千里,よくやせんり
翼覆嫗煦,よくふうく
薏苡明珠,よくいめいしゅ
用和為貴,ようわいき
瑶林瓊樹,ようりんけいじゅ
耀武揚威,ようぶようい
揚眉吐気,ようびとき
揺頭擺尾,ようとうはいび
蠅頭細書,ようとうさいしょ
庸中佼佼,ようちゅうのこうこう
養生喪死,ようせいそうし
揚清激濁,ようせいげきだく
傭書自資,ようしょじし
用舎行蔵,ようしゃこうぞう
妖姿媚態,ようしびたい
用行舎蔵,ようこうしゃぞう
妖言惑衆,ようげんわくしゅう
庸言庸行,ようげんようこう
陽関三畳,ようかんさんじょう
用管窺天,ようかんきてん
余韻嫋嫋,よいんじょうじょう
羊腸小径,ようちょうしょうけい
羊很狼貪,ようこんろうどん
羊裘垂釣,ようきゅうすいちょう
鷹視狼歩,ようしろうほ
養虎遺患,ようこいかん
羊質虎皮,ようしつこひ
鷹犬之才,ようけんのさい
余裕綽綽,よゆうしゃくしゃく
容貌魁偉,ようぼうかいい
容姿端麗,ようしたんれい
妖怪変化,ようかいへんげ
要害堅固,ようがいけんご
用意周到,よういしゅうとう
乱暴狼藉,らんぼうろうぜき
落月屋梁,らくげつおくりょう
乱離拡散,らんりかくさん
藍田生玉,らんでんしょうぎょく
蘭亭殉葬,らんていじゅんそう
乱臣賊子,らんしんぞくし
乱雑無章,らんざつむしょう
蘭摧玉折,らんさいぎょくせつ
覧古考新,らんここうしん
蘭桂騰芳,らんけいとうほう
蘭薫桂馥,らんくんけいふく
爛額焦頭,らんがくしょうとう
嵐影湖光,らんえいここう
濫竽充数,らんうじゅうすう
落花流水,らっかりゅうすい
落落晨星,らくらくしんせい
洛陽紙価,らくようのしか
落筆点蠅,らくひつてんよう
落穽下石,らくせいかせき
楽禍幸災,らくかこうさい
落英繽紛,らくえいひんぷん
磊磊落落,らいらいらくらく
雷騰雲奔,らいとううんぽん
雷霆万鈞,らいていばんきん
雷陳膠漆,らいちんこうしつ
雷轟電撃,らいごうでんげき
雷轟電転,らいごうでんてん
卵翼之恩,らんよくのおん
鸞翔鳳集,らんしょうほうしゅう
羅雀掘鼠,らじゃくくっそ
落花狼藉,らっかろうぜき
粒粒辛苦,りゅうりゅうしんく
竜虎相搏,りょうこそうはく
戮力同心,りくりょくどうしん
琳琅満目 ,りんろうまんもく
琳琅珠玉,りんろうしゅぎょく
輪廻転生,りんねてんしょう
臨終正念,りんじゅうしょうねん
鱗次櫛比,りんじひっぴ
輪奐一新,りんかんいっしん
麟角鳳嘴,りんかくほうし
驪竜之珠,りりょうのたま
緑林白波,りょくりんはくは
緑酒紅灯,りょくしゅこうとう
綾羅錦繍,りょうらきんしゅう
両鳳連飛,りょうほうれんぴ
良風美俗,りょうふうびぞく
竜蟠蚖肆,りょうばんげんし
竜瞳鳳頸,りょうどうほうけい
遼東之豕,りょうとうのいのこ
竜挐虎擲,りょうだこてき
量体裁衣,りょうたいさいい
竜驤麟振,りょうじょうりんしん
凌霄之志,りょうしょうのこころざし
梁上君子,りょうじょうのくんし
竜舟鳳艒 ,りょうしゅうほうぼう
竜舟鷁首,りょうしゅうげきしゅ
量才録用,りょうさいろくよう
陵谷遷貿 ,りょうこくせんぼう
竜興致雲,りょうこうちうん
竜駒鳳雛,りょうくほうすう
良禽択木,りょうきんたくぼく
良玉精金,りょうぎょくせいきん
良弓難張,りょうきゅうなんちょう
梁冀跋扈,りょうきばっこ
凌雲之志,りょううんのこころざし
流連荒亡,りゅうれんこうぼう
柳緑花紅,りゅうりょくかこう
柳眉倒豎,りゅうびとうじゅ
流星光底,りゅうせいこうてい
流觴曲水,りゅうしょうきょくすい
柳巷花街,りゅうこうかがい
流金鑠石,りゅうきんしゃくせき
柳暗花明,りゅうあんかめい
立錐之地,りっすいのち
履霜之戒,りそうのいましめ
履霜堅氷,りそうけんぴょう
戮力協心,りくりょくきょうしん
離群索居,りぐんさっきょ
六韜三略,りくとうさんりゃく
六尺之孤,りくせきのこ
六菖十菊,りくしょうじゅうぎく
六合同風,りくごうどうふう
六言六蔽,りくげんりくへい
霖雨蒼生,りんうそうせい
臨池学書,りんちがくしょ
流汗淋漓,りゅうかんりんり
流汗滂沱,りゅうかんぼうだ
臨淵羨魚,りんえんせんぎょ
竜戦虎争,りょうせんこそう
竜蟠虎踞,りょうばんこきょ
竜騰虎闘,りょうとうことう
竜頭鷁首,りょうとうげきしゅ
竜跳虎臥,りょうちょうこが
竜攘虎搏,りょうじょうこはく
竜驤虎視,りょうじょうこし
竜吟虎嘯,りょうぎんこしょう
麟鳳亀竜,りんぽうきりゅう
麟子鳳雛,りんしほうすう
竜章鳳姿,りょうしょうほうし
李下瓜田,りかかでん
臨戦態勢,りんせんたいせい
理路整然,りろせいぜん
良知良能,りょうちりょうのう
良妻賢母,りょうさいけんぼ
利用厚生,りようこうせい
流言飛語,りゅうげんひご
理非曲直,りひきょくちょく
力戦奮闘,りきせんふんとう
立身出世,りっしんしゅっせ
離合集散,りごうしゅうさん
臨機応変,りんきおうへん
竜頭蛇尾,りゅうとうだび
利害得失,りがいとくしつ
